,index,Year,home team,home gdp,home population,home oddset,home fifa rank,home host,away team,away gdp,away population,away oddset,away fifa rank,away host,win point,result
0,0,1930,FRA,46984,6528,550,211,0,MEX,18445,12894,15000,211,0,3,1
1,1,1930,USA,63594,33101,10000,211,0,BEL,53035,1159,1200,211,0,3,1
2,2,1930,YUG,10926,10,200000,211,0,BRA,14836,21256,450,211,0,1,1
3,3,1930,ROU,32117,1924,200000,211,0,PER,11879,3298,20000,211,0,2,1
4,4,1930,ARG,20771,4520,900,211,0,FRA,46984,6528,550,211,0,1,1
5,5,1930,CHI,0,10,200000,211,0,MEX,18445,12894,15000,211,0,3,1
6,6,1930,YUG,10926,10,200000,211,0,BOL,8276,1168,200000,211,0,4,1
7,7,1930,USA,63594,33101,10000,211,0,PAR,10926,10,200000,211,0,3,1
8,8,1930,URU,10926,10,200000,211,0,PER,11879,3298,20000,211,0,1,1
9,9,1930,CHI,0,10,200000,211,0,FRA,46984,6528,550,211,0,1,1
10,10,1930,ARG,20771,4520,900,211,0,MEX,18445,12894,15000,211,0,3,1
11,11,1930,BRA,14836,21256,450,211,0,BOL,8276,1168,200000,211,0,4,1
12,12,1930,PAR,10926,10,200000,211,0,BEL,53035,1159,1200,211,0,1,1
13,13,1930,URU,10926,10,200000,211,0,ROU,32117,1924,200000,211,0,4,1
14,14,1930,ARG,20771,4520,900,211,0,CHI,0,10,200000,211,0,2,1
15,15,1930,ARG,20771,4520,900,211,0,USA,63594,33101,10000,211,0,5,1
16,16,1930,URU,10926,10,200000,211,0,YUG,10926,10,200000,211,0,5,1
17,17,1930,URU,10926,10,200000,211,0,ARG,20771,4520,900,211,0,2,1
18,18,1934,AUT,55684,901,200000,211,0,FRA,46984,6528,550,211,0,1,1
19,19,1934,HUN,33078,967,200000,211,0,EGY,12608,10234,200000,211,0,2,1
20,20,1934,SUI,10926,10,200000,211,0,NED,10926,10,200000,211,0,1,1
21,21,1934,SWE,55038,1010,200000,211,0,ARG,20771,4520,900,211,0,1,1
22,22,1934,GER,10926,10,200000,211,0,BEL,53035,1159,1200,211,0,3,1
23,23,1934,ESP,37766,4676,800,211,0,BRA,14836,21256,450,211,0,2,1
24,24,1934,ITA,41829,6047,200000,211,1,USA,63594,33101,10000,211,0,6,1
25,25,1934,TCH,10926,10,200000,211,0,ROU,32117,1924,200000,211,0,1,1
26,26,1934,TCH,10926,10,200000,211,0,SUI,10926,10,200000,211,0,1,1
27,27,1934,GER,10926,10,200000,211,0,SWE,55038,1010,200000,211,0,1,1
28,28,1934,ITA,41829,6047,200000,211,1,ESP,37766,4676,800,211,0,0,0
29,29,1934,AUT,55684,901,200000,211,0,HUN,33078,967,200000,211,0,1,1
30,30,1934,ITA,41829,6047,200000,211,1,ESP,37766,4676,800,211,0,1,1
31,31,1934,ITA,41829,6047,200000,211,1,AUT,55684,901,200000,211,0,1,1
32,32,1934,TCH,10926,10,200000,211,0,GER,10926,10,200000,211,0,2,1
33,33,1934,GER,10926,10,200000,211,0,AUT,55684,901,200000,211,0,1,1
34,34,1934,ITA,41829,6047,200000,211,1,TCH,10926,10,200000,211,0,1,1
35,35,1938,SUI,10926,10,200000,211,0,GER,10926,10,200000,211,0,0,0
36,36,1938,HUN,33078,967,200000,211,0,INH,10926,10,200000,211,0,6,1
37,37,1938,FRA,46984,6528,550,211,1,BEL,53035,1159,1200,211,0,2,1
38,38,1938,CUB,0,1133,200000,211,0,ROU,32117,1924,200000,211,0,0,0
39,39,1938,ITA,41829,6047,200000,211,0,NOR,62645,543,200000,211,0,1,1
40,40,1938,BRA,14836,21256,450,211,0,POL,34241,3785,12500,211,0,1,1
41,41,1938,TCH,10926,10,200000,211,0,NED,10926,10,200000,211,0,3,1
42,42,1938,CUB,0,1133,200000,211,0,ROU,32117,1924,200000,211,0,1,1
43,43,1938,SUI,10926,10,200000,211,0,GER,10926,10,200000,211,0,2,1
44,44,1938,BRA,14836,21256,450,211,0,TCH,10926,10,200000,211,0,0,0
45,45,1938,HUN,33078,967,200000,211,0,SUI,10926,10,200000,211,0,2,1
46,46,1938,SWE,55038,1010,200000,211,0,CUB,0,1133,200000,211,0,8,1
47,47,1938,ITA,41829,6047,200000,211,0,FRA,46984,6528,550,211,1,2,1
48,48,1938,BRA,14836,21256,450,211,0,TCH,10926,10,200000,211,0,1,1
49,49,1938,HUN,33078,967,200000,211,0,SWE,55038,1010,200000,211,0,4,1
50,50,1938,ITA,41829,6047,200000,211,0,BRA,14836,21256,450,211,0,1,1
51,51,1938,BRA,14836,21256,450,211,0,SWE,55038,1010,200000,211,0,2,1
52,52,1938,ITA,41829,6047,200000,211,0,HUN,33078,967,200000,211,0,2,1
53,53,1950,BRA,14836,21256,450,211,1,MEX,18445,12894,15000,211,0,4,1
54,54,1950,ENG,10926,10,200000,211,0,CHI,0,10,200000,211,0,2,1
55,55,1950,ESP,37766,4676,800,211,0,USA,63594,33101,10000,211,0,2,1
56,56,1950,SWE,55038,1010,200000,211,0,ITA,41829,6047,200000,211,0,1,1
57,57,1950,YUG,10926,10,200000,211,0,SUI,10926,10,200000,211,0,3,1
58,58,1950,BRA,14836,21256,450,211,1,SUI,10926,10,200000,211,0,0,0
59,59,1950,YUG,10926,10,200000,211,0,MEX,18445,12894,15000,211,0,3,1
60,60,1950,ESP,37766,4676,800,211,0,CHI,0,10,200000,211,0,2,1
61,61,1950,SWE,55038,1010,200000,211,0,PAR,10926,10,200000,211,0,0,0
62,62,1950,USA,63594,33101,10000,211,0,ENG,10926,10,200000,211,0,1,1
63,63,1950,BRA,14836,21256,450,211,1,YUG,10926,10,200000,211,0,2,1
64,64,1950,ESP,37766,4676,800,211,0,ENG,10926,10,200000,211,0,1,1
65,65,1950,ITA,41829,6047,200000,211,0,PAR,10926,10,200000,211,0,2,1
66,66,1950,URU,10926,10,200000,211,0,BOL,8276,1168,200000,211,0,8,1
67,67,1950,SUI,10926,10,200000,211,0,MEX,18445,12894,15000,211,0,1,1
68,68,1950,CHI,0,10,200000,211,0,USA,63594,33101,10000,211,0,3,1
69,69,1950,URU,10926,10,200000,211,0,ESP,37766,4676,800,211,0,0,0
70,70,1950,BRA,14836,21256,450,211,1,SWE,55038,1010,200000,211,0,6,1
71,71,1950,BRA,14836,21256,450,211,1,ESP,37766,4676,800,211,0,5,1
72,72,1950,URU,10926,10,200000,211,0,SWE,55038,1010,200000,211,0,1,1
73,73,1950,SWE,55038,1010,200000,211,0,ESP,37766,4676,800,211,0,2,1
74,74,1950,URU,10926,10,200000,211,0,BRA,14836,21256,450,211,1,1,1
75,75,1954,URU,10926,10,200000,211,0,TCH,10926,10,200000,211,0,2,1
76,76,1954,AUT,55684,901,200000,211,0,SCO,10926,10,200000,211,0,1,1
77,77,1954,BRA,14836,21256,450,211,0,MEX,18445,12894,15000,211,0,5,1
78,78,1954,YUG,10926,10,200000,211,0,FRA,46984,6528,550,211,0,1,1
79,79,1954,FRG,10926,10,200000,211,0,TUR,27236,8434,200000,211,0,3,1
80,80,1954,HUN,33078,967,200000,211,0,KOR,45275,5127,25000,211,0,9,1
81,81,1954,ENG,10926,10,200000,211,0,BEL,53035,1159,1200,211,0,0,0
82,82,1954,SUI,10926,10,200000,211,0,ITA,41829,6047,200000,211,0,1,1
83,83,1954,URU,10926,10,200000,211,0,SCO,10926,10,200000,211,0,7,1
84,84,1954,AUT,55684,901,200000,211,0,TCH,10926,10,200000,211,0,5,1
85,85,1954,FRA,46984,6528,550,211,0,MEX,18445,12894,15000,211,0,1,1
86,86,1954,BRA,14836,21256,450,211,0,YUG,10926,10,200000,211,0,0,0
87,87,1954,HUN,33078,967,200000,211,0,FRG,10926,10,200000,211,0,5,1
88,88,1954,TUR,27236,8434,200000,211,0,KOR,45275,5127,25000,211,0,7,1
89,89,1954,ENG,10926,10,200000,211,0,SUI,10926,10,200000,211,0,2,1
90,90,1954,ITA,41829,6047,200000,211,0,BEL,53035,1159,1200,211,0,3,1
91,91,1954,FRG,10926,10,200000,211,0,TUR,27236,8434,200000,211,0,5,1
92,92,1954,SUI,10926,10,200000,211,0,ITA,41829,6047,200000,211,0,3,1
93,93,1954,URU,10926,10,200000,211,0,ENG,10926,10,200000,211,0,2,1
94,94,1954,AUT,55684,901,200000,211,0,SUI,10926,10,200000,211,0,2,1
95,95,1954,FRG,10926,10,200000,211,0,YUG,10926,10,200000,211,0,2,1
96,96,1954,HUN,33078,967,200000,211,0,BRA,14836,21256,450,211,0,2,1
97,97,1954,FRG,10926,10,200000,211,0,AUT,55684,901,200000,211,0,5,1
98,98,1954,HUN,33078,967,200000,211,0,URU,10926,10,200000,211,0,2,1
99,99,1954,AUT,55684,901,200000,211,0,URU,10926,10,200000,211,0,2,1
100,100,1954,FRG,10926,10,200000,211,0,HUN,33078,967,200000,211,0,1,1
101,101,1958,SWE,55038,1010,200000,211,1,MEX,18445,12894,15000,211,0,3,1
102,102,1958,URS,10926,10,200000,211,0,ENG,10926,10,200000,211,0,0,0
103,103,1958,ARG,20771,4520,900,211,0,FRG,10926,10,200000,211,0,-2,-1
104,104,1958,HUN,33078,967,200000,211,0,WAL,10926,10,200000,211,0,0,0
105,105,1958,FRA,46984,6528,550,211,0,PAR,10926,10,200000,211,0,4,1
106,106,1958,YUG,10926,10,200000,211,0,SCO,10926,10,200000,211,0,0,0
107,107,1958,BRA,14836,21256,450,211,0,AUT,55684,901,200000,211,0,3,1
108,108,1958,NIR,10926,10,200000,211,0,TCH,10926,10,200000,211,0,1,1
109,109,1958,BRA,14836,21256,450,211,0,ENG,10926,10,200000,211,0,0,0
110,110,1958,MEX,18445,12894,15000,211,0,WAL,10926,10,200000,211,0,0,0
111,111,1958,PAR,10926,10,200000,211,0,SCO,10926,10,200000,211,0,1,1
112,112,1958,YUG,10926,10,200000,211,0,FRA,46984,6528,550,211,0,1,1
113,113,1958,URS,10926,10,200000,211,0,AUT,55684,901,200000,211,0,2,1
114,114,1958,FRG,10926,10,200000,211,0,TCH,10926,10,200000,211,0,0,0
115,115,1958,ARG,20771,4520,900,211,0,NIR,10926,10,200000,211,0,2,1
116,116,1958,SWE,55038,1010,200000,211,1,HUN,33078,967,200000,211,0,1,1
117,117,1958,SWE,55038,1010,200000,211,1,WAL,10926,10,200000,211,0,0,0
118,118,1958,BRA,14836,21256,450,211,0,URS,10926,10,200000,211,0,2,1
119,119,1958,FRG,10926,10,200000,211,0,NIR,10926,10,200000,211,0,0,0
120,120,1958,HUN,33078,967,200000,211,0,MEX,18445,12894,15000,211,0,4,1
121,121,1958,PAR,10926,10,200000,211,0,YUG,10926,10,200000,211,0,0,0
122,122,1958,FRA,46984,6528,550,211,0,SCO,10926,10,200000,211,0,1,1
123,123,1958,ENG,10926,10,200000,211,0,AUT,55684,901,200000,211,0,0,0
124,124,1958,TCH,10926,10,200000,211,0,ARG,20771,4520,900,211,0,5,1
125,125,1958,URS,10926,10,200000,211,0,ENG,10926,10,200000,211,0,1,1
126,126,1958,NIR,10926,10,200000,211,0,TCH,10926,10,200000,211,0,1,1
127,127,1958,WAL,10926,10,200000,211,0,HUN,33078,967,200000,211,0,1,1
128,128,1958,BRA,14836,21256,450,211,0,WAL,10926,10,200000,211,0,1,1
129,129,1958,FRG,10926,10,200000,211,0,YUG,10926,10,200000,211,0,1,1
130,130,1958,SWE,55038,1010,200000,211,1,URS,10926,10,200000,211,0,2,1
131,131,1958,FRA,46984,6528,550,211,0,NIR,10926,10,200000,211,0,4,1
132,132,1958,SWE,55038,1010,200000,211,1,FRG,10926,10,200000,211,0,2,1
133,133,1958,BRA,14836,21256,450,211,0,FRA,46984,6528,550,211,0,3,1
134,134,1958,FRA,46984,6528,550,211,0,FRG,10926,10,200000,211,0,3,1
135,135,1958,BRA,14836,21256,450,211,0,SWE,55038,1010,200000,211,1,3,1
136,136,1962,URU,10926,10,200000,211,0,COL,14932,5089,200000,211,0,1,1
137,137,1962,BRA,14836,21256,450,211,0,MEX,18445,12894,15000,211,0,2,1
138,138,1962,ARG,20771,4520,900,211,0,BUL,10926,10,200000,211,0,1,1
139,139,1962,CHI,0,10,200000,211,0,SUI,10926,10,200000,211,0,2,1
140,140,1962,URS,10926,10,200000,211,0,YUG,10926,10,200000,211,0,2,1
141,141,1962,TCH,10926,10,200000,211,0,ESP,37766,4676,800,211,0,1,1
142,142,1962,HUN,33078,967,200000,211,0,ENG,10926,10,200000,211,0,1,1
143,143,1962,FRG,10926,10,200000,211,0,ITA,41829,6047,200000,211,0,0,0
144,144,1962,YUG,10926,10,200000,211,0,URU,10926,10,200000,211,0,2,1
145,145,1962,BRA,14836,21256,450,211,0,TCH,10926,10,200000,211,0,0,0
146,146,1962,ENG,10926,10,200000,211,0,ARG,20771,4520,900,211,0,2,1
147,147,1962,CHI,0,10,200000,211,0,ITA,41829,6047,200000,211,0,2,1
148,148,1962,URS,10926,10,200000,211,0,COL,14932,5089,200000,211,0,0,0
149,149,1962,ESP,37766,4676,800,211,0,MEX,18445,12894,15000,211,0,1,1
150,150,1962,HUN,33078,967,200000,211,0,BUL,10926,10,200000,211,0,5,1
151,151,1962,FRG,10926,10,200000,211,0,SUI,10926,10,200000,211,0,1,1
152,152,1962,URS,10926,10,200000,211,0,URU,10926,10,200000,211,0,1,1
153,153,1962,BRA,14836,21256,450,211,0,ESP,37766,4676,800,211,0,1,1
154,154,1962,HUN,33078,967,200000,211,0,ARG,20771,4520,900,211,0,0,0
155,155,1962,FRG,10926,10,200000,211,0,CHI,0,10,200000,211,0,2,1
156,156,1962,YUG,10926,10,200000,211,0,COL,14932,5089,200000,211,0,5,1
157,157,1962,MEX,18445,12894,15000,211,0,TCH,10926,10,200000,211,0,2,1
158,158,1962,ENG,10926,10,200000,211,0,BUL,10926,10,200000,211,0,0,0
159,159,1962,ITA,41829,6047,200000,211,0,SUI,10926,10,200000,211,0,3,1
160,160,1962,CHI,0,10,200000,211,0,URS,10926,10,200000,211,0,1,1
161,161,1962,BRA,14836,21256,450,211,0,ENG,10926,10,200000,211,0,2,1
162,162,1962,TCH,10926,10,200000,211,0,HUN,33078,967,200000,211,0,1,1
163,163,1962,YUG,10926,10,200000,211,0,FRG,10926,10,200000,211,0,1,1
164,164,1962,TCH,10926,10,200000,211,0,YUG,10926,10,200000,211,0,2,1
165,165,1962,BRA,14836,21256,450,211,0,CHI,0,10,200000,211,0,2,1
166,166,1962,CHI,0,10,200000,211,0,YUG,10926,10,200000,211,0,1,1
167,167,1962,BRA,14836,21256,450,211,0,TCH,10926,10,200000,211,0,2,1
168,168,1966,ENG,10926,10,200000,211,0,URU,10926,10,200000,211,0,0,0
169,169,1966,FRG,10926,10,200000,211,0,SUI,10926,10,200000,211,0,5,1
170,170,1966,BRA,14836,21256,450,211,0,BUL,10926,10,200000,211,0,2,1
171,171,1966,URS,10926,10,200000,211,0,PRK,0,2578,200000,211,0,3,1
172,172,1966,FRA,46984,6528,550,211,0,MEX,18445,12894,15000,211,0,0,0
173,173,1966,POR,10926,10,200000,211,0,HUN,33078,967,200000,211,0,2,1
174,174,1966,ARG,20771,4520,900,211,0,ESP,37766,4676,800,211,0,1,1
175,175,1966,ITA,41829,6047,200000,211,0,CHI,0,10,200000,211,0,2,1
176,176,1966,URU,10926,10,200000,211,0,FRA,46984,6528,550,211,0,1,1
177,177,1966,ESP,37766,4676,800,211,0,SUI,10926,10,200000,211,0,1,1
178,178,1966,HUN,33078,967,200000,211,0,BRA,14836,21256,450,211,0,2,1
179,179,1966,PRK,0,2578,200000,211,0,CHI,0,10,200000,211,0,0,0
180,180,1966,POR,10926,10,200000,211,0,BUL,10926,10,200000,211,0,3,1
181,181,1966,FRG,10926,10,200000,211,0,ARG,20771,4520,900,211,0,0,0
182,182,1966,URS,10926,10,200000,211,0,ITA,41829,6047,200000,211,0,1,1
183,183,1966,ENG,10926,10,200000,211,0,MEX,18445,12894,15000,211,0,2,1
184,184,1966,URU,10926,10,200000,211,0,MEX,18445,12894,15000,211,0,0,0
185,185,1966,ARG,20771,4520,900,211,0,SUI,10926,10,200000,211,0,2,1
186,186,1966,POR,10926,10,200000,211,0,BRA,14836,21256,450,211,0,2,1
187,187,1966,PRK,0,2578,200000,211,0,ITA,41829,6047,200000,211,0,1,1
188,188,1966,ENG,10926,10,200000,211,0,FRA,46984,6528,550,211,0,2,1
189,189,1966,HUN,33078,967,200000,211,0,BUL,10926,10,200000,211,0,2,1
190,190,1966,FRG,10926,10,200000,211,0,ESP,37766,4676,800,211,0,1,1
191,191,1966,URS,10926,10,200000,211,0,CHI,0,10,200000,211,0,1,1
192,192,1966,ENG,10926,10,200000,211,0,ARG,20771,4520,900,211,0,1,1
193,193,1966,FRG,10926,10,200000,211,0,URU,10926,10,200000,211,0,4,1
194,194,1966,URS,10926,10,200000,211,0,HUN,33078,967,200000,211,0,1,1
195,195,1966,POR,10926,10,200000,211,0,PRK,0,2578,200000,211,0,2,1
196,196,1966,FRG,10926,10,200000,211,0,URS,10926,10,200000,211,0,1,1
197,197,1966,ENG,10926,10,200000,211,0,POR,10926,10,200000,211,0,1,1
198,198,1966,POR,10926,10,200000,211,0,URS,10926,10,200000,211,0,1,1
199,199,1966,ENG,10926,10,200000,211,0,FRG,10926,10,200000,211,0,2,1
200,200,1970,MEX,18445,12894,15000,211,1,URS,10926,10,200000,211,0,0,0
201,201,1970,URU,10926,10,200000,211,0,ISR,39482,866,200000,211,0,2,1
202,202,1970,PER,11879,3298,20000,211,0,BUL,10926,10,200000,211,0,1,1
203,203,1970,ENG,10926,10,200000,211,0,ROU,32117,1924,200000,211,0,1,1
204,204,1970,ITA,41829,6047,200000,211,0,SWE,55038,1010,200000,211,0,1,1
205,205,1970,FRG,10926,10,200000,211,0,MAR,7370,3692,25000,211,0,1,1
206,206,1970,BRA,14836,21256,450,211,0,TCH,10926,10,200000,211,0,3,1
207,207,1970,BEL,53035,1159,1200,211,0,SLV,8421,649,200000,211,0,3,1
208,208,1970,URU,10926,10,200000,211,0,ITA,41829,6047,200000,211,0,0,0
209,209,1970,PER,11879,3298,20000,211,0,MAR,7370,3692,25000,211,0,3,1
210,210,1970,ROU,32117,1924,200000,211,0,TCH,10926,10,200000,211,0,1,1
211,211,1970,URS,10926,10,200000,211,0,BEL,53035,1159,1200,211,0,3,1
212,212,1970,SWE,55038,1010,200000,211,0,ISR,39482,866,200000,211,0,0,0
213,213,1970,FRG,10926,10,200000,211,0,BUL,10926,10,200000,211,0,3,1
214,214,1970,BRA,14836,21256,450,211,0,ENG,10926,10,200000,211,0,1,1
215,215,1970,MEX,18445,12894,15000,211,1,SLV,8421,649,200000,211,0,4,1
216,216,1970,SWE,55038,1010,200000,211,0,URU,10926,10,200000,211,0,1,1
217,217,1970,FRG,10926,10,200000,211,0,PER,11879,3298,20000,211,0,2,1
218,218,1970,BRA,14836,21256,450,211,0,ROU,32117,1924,200000,211,0,1,1
219,219,1970,URS,10926,10,200000,211,0,SLV,8421,649,200000,211,0,2,1
220,220,1970,ITA,41829,6047,200000,211,0,ISR,39482,866,200000,211,0,0,0
221,221,1970,BUL,10926,10,200000,211,0,MAR,7370,3692,25000,211,0,0,0
222,222,1970,ENG,10926,10,200000,211,0,TCH,10926,10,200000,211,0,1,1
223,223,1970,MEX,18445,12894,15000,211,1,BEL,53035,1159,1200,211,0,1,1
224,224,1970,ITA,41829,6047,200000,211,0,MEX,18445,12894,15000,211,1,3,1
225,225,1970,FRG,10926,10,200000,211,0,ENG,10926,10,200000,211,0,1,1
226,226,1970,BRA,14836,21256,450,211,0,PER,11879,3298,20000,211,0,2,1
227,227,1970,URU,10926,10,200000,211,0,URS,10926,10,200000,211,0,1,1
228,228,1970,BRA,14836,21256,450,211,0,URU,10926,10,200000,211,0,2,1
229,229,1970,ITA,41829,6047,200000,211,0,FRG,10926,10,200000,211,0,1,1
230,230,1970,FRG,10926,10,200000,211,0,URU,10926,10,200000,211,0,1,1
231,231,1970,BRA,14836,21256,450,211,0,ITA,41829,6047,200000,211,0,3,1
232,232,1974,BRA,14836,21256,450,211,0,YUG,10926,10,200000,211,0,0,0
233,233,1974,FRG,10926,10,200000,211,0,CHI,0,10,200000,211,0,1,1
234,234,1974,GDR,10926,10,200000,211,0,AUS,53330,2550,50000,211,0,2,1
235,235,1974,ZAI,10926,10,200000,211,0,SCO,10926,10,200000,211,0,-2,-1
236,236,1974,URU,10926,10,200000,211,0,NED,10926,10,200000,211,0,-2,-1
237,237,1974,SWE,55038,1010,200000,211,0,BUL,10926,10,200000,211,0,0,0
238,238,1974,ITA,41829,6047,200000,211,0,HAI,10926,10,200000,211,0,2,1
239,239,1974,POL,34241,3785,12500,211,0,ARG,20771,4520,900,211,0,1,1
240,240,1974,AUS,53330,2550,50000,211,0,FRG,10926,10,200000,211,0,-3,-1
241,241,1974,SCO,10926,10,200000,211,0,BRA,14836,21256,450,211,0,0,0
242,242,1974,CHI,0,10,200000,211,0,GDR,10926,10,200000,211,0,0,0
243,243,1974,YUG,10926,10,200000,211,0,ZAI,10926,10,200000,211,0,9,1
244,244,1974,NED,10926,10,200000,211,0,SWE,55038,1010,200000,211,0,0,0
245,245,1974,BUL,10926,10,200000,211,0,URU,10926,10,200000,211,0,0,0
246,246,1974,HAI,10926,10,200000,211,0,POL,34241,3785,12500,211,0,-7,-1
247,247,1974,ARG,20771,4520,900,211,0,ITA,41829,6047,200000,211,0,0,0
248,248,1974,SCO,10926,10,200000,211,0,YUG,10926,10,200000,211,0,0,0
249,249,1974,AUS,53330,2550,50000,211,0,CHI,0,10,200000,211,0,0,0
250,250,1974,ZAI,10926,10,200000,211,0,BRA,14836,21256,450,211,0,-3,-1
251,251,1974,GDR,10926,10,200000,211,0,FRG,10926,10,200000,211,0,1,1
252,252,1974,BUL,10926,10,200000,211,0,NED,10926,10,200000,211,0,-3,-1
253,253,1974,ARG,20771,4520,900,211,0,HAI,10926,10,200000,211,0,3,1
254,254,1974,SWE,55038,1010,200000,211,0,URU,10926,10,200000,211,0,3,1
255,255,1974,POL,34241,3785,12500,211,0,ITA,41829,6047,200000,211,0,1,1
256,256,1974,YUG,10926,10,200000,211,0,FRG,10926,10,200000,211,0,-2,-1
257,257,1974,BRA,14836,21256,450,211,0,GDR,10926,10,200000,211,0,1,1
258,258,1974,NED,10926,10,200000,211,0,ARG,20771,4520,900,211,0,4,1
259,259,1974,SWE,55038,1010,200000,211,0,POL,34241,3785,12500,211,0,-1,-1
260,260,1974,ARG,20771,4520,900,211,0,BRA,14836,21256,450,211,0,-1,-1
261,261,1974,POL,34241,3785,12500,211,0,YUG,10926,10,200000,211,0,1,1
262,262,1974,GDR,10926,10,200000,211,0,NED,10926,10,200000,211,0,-2,-1
263,263,1974,FRG,10926,10,200000,211,0,SWE,55038,1010,200000,211,0,2,1
264,264,1974,POL,34241,3785,12500,211,0,FRG,10926,10,200000,211,0,-1,-1
265,265,1974,NED,10926,10,200000,211,0,BRA,14836,21256,450,211,0,2,1
266,266,1974,ARG,20771,4520,900,211,0,GDR,10926,10,200000,211,0,0,0
267,267,1974,SWE,55038,1010,200000,211,0,YUG,10926,10,200000,211,0,1,1
268,268,1974,BRA,14836,21256,450,211,0,POL,34241,3785,12500,211,0,-1,-1
269,269,1974,NED,10926,10,200000,211,0,FRG,10926,10,200000,211,0,-1,-1
270,270,1978,FRG,10926,10,200000,211,0,POL,34241,3785,12500,211,0,0,0
271,271,1978,ITA,41829,6047,200000,211,0,FRA,46984,6528,550,211,0,1,1
272,272,1978,TUN,10823,1182,35000,211,0,MEX,18445,12894,15000,211,0,2,1
273,273,1978,ARG,20771,4520,900,211,1,HUN,33078,967,200000,211,0,1,1
274,274,1978,SWE,55038,1010,200000,211,0,BRA,14836,21256,450,211,0,0,0
275,275,1978,AUT,55684,901,200000,211,0,ESP,37766,4676,800,211,0,1,1
276,276,1978,PER,11879,3298,20000,211,0,SCO,10926,10,200000,211,0,2,1
277,277,1978,NED,10926,10,200000,211,0,IRN,13339,8400,50000,211,0,3,1
278,278,1978,ITA,41829,6047,200000,211,0,HUN,33078,967,200000,211,0,2,1
279,279,1978,POL,34241,3785,12500,211,0,TUN,10823,1182,35000,211,0,1,1
280,280,1978,FRG,10926,10,200000,211,0,MEX,18445,12894,15000,211,0,6,1
281,281,1978,ARG,20771,4520,900,211,1,FRA,46984,6528,550,211,0,1,1
282,282,1978,BRA,14836,21256,450,211,0,ESP,37766,4676,800,211,0,0,0
283,283,1978,AUT,55684,901,200000,211,0,SWE,55038,1010,200000,211,0,1,1
284,284,1978,SCO,10926,10,200000,211,0,IRN,13339,8400,50000,211,0,0,0
285,285,1978,NED,10926,10,200000,211,0,PER,11879,3298,20000,211,0,0,0
286,286,1978,FRA,46984,6528,550,211,0,HUN,33078,967,200000,211,0,2,1
287,287,1978,POL,34241,3785,12500,211,0,MEX,18445,12894,15000,211,0,2,1
288,288,1978,FRG,10926,10,200000,211,0,TUN,10823,1182,35000,211,0,0,0
289,289,1978,ITA,41829,6047,200000,211,0,ARG,20771,4520,900,211,1,1,1
290,290,1978,BRA,14836,21256,450,211,0,AUT,55684,901,200000,211,0,1,1
291,291,1978,ESP,37766,4676,800,211,0,SWE,55038,1010,200000,211,0,1,1
292,292,1978,PER,11879,3298,20000,211,0,IRN,13339,8400,50000,211,0,3,1
293,293,1978,SCO,10926,10,200000,211,0,NED,10926,10,200000,211,0,1,1
294,294,1978,FRG,10926,10,200000,211,0,ITA,41829,6047,200000,211,0,0,0
295,295,1978,NED,10926,10,200000,211,0,AUT,55684,901,200000,211,0,4,1
296,296,1978,BRA,14836,21256,450,211,0,PER,11879,3298,20000,211,0,3,1
297,297,1978,ARG,20771,4520,900,211,1,POL,34241,3785,12500,211,0,2,1
298,298,1978,POL,34241,3785,12500,211,0,PER,11879,3298,20000,211,0,1,1
299,299,1978,ITA,41829,6047,200000,211,0,AUT,55684,901,200000,211,0,1,1
300,300,1978,FRG,10926,10,200000,211,0,NED,10926,10,200000,211,0,0,0
301,301,1978,ARG,20771,4520,900,211,1,BRA,14836,21256,450,211,0,0,0
302,302,1978,NED,10926,10,200000,211,0,ITA,41829,6047,200000,211,0,1,1
303,303,1978,AUT,55684,901,200000,211,0,FRG,10926,10,200000,211,0,1,1
304,304,1978,BRA,14836,21256,450,211,0,POL,34241,3785,12500,211,0,2,1
305,305,1978,ARG,20771,4520,900,211,1,PER,11879,3298,20000,211,0,6,1
306,306,1978,BRA,14836,21256,450,211,0,ITA,41829,6047,200000,211,0,1,1
307,307,1978,ARG,20771,4520,900,211,1,NED,10926,10,200000,211,0,2,1
308,308,1982,ARG,20771,4520,900,211,0,BEL,53035,1159,1200,211,0,-1,-1
309,309,1982,ITA,41829,6047,200000,211,0,POL,34241,3785,12500,211,0,0,0
310,310,1982,BRA,14836,21256,450,211,0,URS,10926,10,200000,211,0,1,1
311,311,1982,PER,11879,3298,20000,211,0,CMR,3868,2655,20000,211,0,0,0
312,312,1982,HUN,33078,967,200000,211,0,SLV,8421,649,200000,211,0,9,1
313,313,1982,SCO,10926,10,200000,211,0,NZL,44492,483,200000,211,0,3,1
314,314,1982,FRG,10926,10,200000,211,0,ALG,10926,10,200000,211,0,-1,-1
315,315,1982,ENG,10926,10,200000,211,0,FRA,46984,6528,550,211,0,2,1
316,316,1982,ESP,37766,4676,800,211,1,HON,10926,10,200000,211,0,0,0
317,317,1982,CHI,0,10,200000,211,0,AUT,55684,901,200000,211,0,-1,-1
318,318,1982,TCH,10926,10,200000,211,0,KUW,10926,10,200000,211,0,0,0
319,319,1982,YUG,10926,10,200000,211,0,NIR,10926,10,200000,211,0,0,0
320,320,1982,ITA,41829,6047,200000,211,0,PER,11879,3298,20000,211,0,0,0
321,321,1982,ARG,20771,4520,900,211,0,HUN,33078,967,200000,211,0,3,1
322,322,1982,BRA,14836,21256,450,211,0,SCO,10926,10,200000,211,0,3,1
323,323,1982,POL,34241,3785,12500,211,0,CMR,3868,2655,20000,211,0,0,0
324,324,1982,BEL,53035,1159,1200,211,0,SLV,8421,649,200000,211,0,1,1
325,325,1982,URS,10926,10,200000,211,0,NZL,44492,483,200000,211,0,3,1
326,326,1982,FRG,10926,10,200000,211,0,CHI,0,10,200000,211,0,3,1
327,327,1982,ENG,10926,10,200000,211,0,TCH,10926,10,200000,211,0,2,1
328,328,1982,ESP,37766,4676,800,211,1,YUG,10926,10,200000,211,0,1,1
329,329,1982,ALG,10926,10,200000,211,0,AUT,55684,901,200000,211,0,-2,-1
330,330,1982,FRA,46984,6528,550,211,0,KUW,10926,10,200000,211,0,3,1
331,331,1982,HON,10926,10,200000,211,0,NIR,10926,10,200000,211,0,0,0
332,332,1982,POL,34241,3785,12500,211,0,PER,11879,3298,20000,211,0,4,1
333,333,1982,BEL,53035,1159,1200,211,0,HUN,33078,967,200000,211,0,0,0
334,334,1982,URS,10926,10,200000,211,0,SCO,10926,10,200000,211,0,0,0
335,335,1982,ITA,41829,6047,200000,211,0,CMR,3868,2655,20000,211,0,0,0
336,336,1982,ARG,20771,4520,900,211,0,SLV,8421,649,200000,211,0,2,1
337,337,1982,BRA,14836,21256,450,211,0,NZL,44492,483,200000,211,0,4,1
338,338,1982,ALG,10926,10,200000,211,0,CHI,0,10,200000,211,0,1,1
339,339,1982,FRA,46984,6528,550,211,0,TCH,10926,10,200000,211,0,0,0
340,340,1982,HON,10926,10,200000,211,0,YUG,10926,10,200000,211,0,-1,-1
341,341,1982,FRG,10926,10,200000,211,0,AUT,55684,901,200000,211,0,1,1
342,342,1982,ENG,10926,10,200000,211,0,KUW,10926,10,200000,211,0,1,1
343,343,1982,NIR,10926,10,200000,211,0,ESP,37766,4676,800,211,1,1,1
344,344,1982,AUT,55684,901,200000,211,0,FRA,46984,6528,550,211,0,-1,-1
345,345,1982,POL,34241,3785,12500,211,0,BEL,53035,1159,1200,211,0,3,1
346,346,1982,ITA,41829,6047,200000,211,0,ARG,20771,4520,900,211,0,1,1
347,347,1982,FRG,10926,10,200000,211,0,ENG,10926,10,200000,211,0,0,0
348,348,1982,AUT,55684,901,200000,211,0,NIR,10926,10,200000,211,0,0,0
349,349,1982,BEL,53035,1159,1200,211,0,URS,10926,10,200000,211,0,-1,-1
350,350,1982,ARG,20771,4520,900,211,0,BRA,14836,21256,450,211,0,-2,-1
351,351,1982,FRG,10926,10,200000,211,0,ESP,37766,4676,800,211,1,1,1
352,352,1982,FRA,46984,6528,550,211,0,NIR,10926,10,200000,211,0,3,1
353,353,1982,POL,34241,3785,12500,211,0,URS,10926,10,200000,211,0,0,0
354,354,1982,ITA,41829,6047,200000,211,0,BRA,14836,21256,450,211,0,1,1
355,355,1982,ESP,37766,4676,800,211,1,ENG,10926,10,200000,211,0,0,0
356,356,1982,POL,34241,3785,12500,211,0,ITA,41829,6047,200000,211,0,-2,-1
357,357,1982,FRG,10926,10,200000,211,0,FRA,46984,6528,550,211,0,0,0
358,358,1982,POL,34241,3785,12500,211,0,FRA,46984,6528,550,211,0,1,1
359,359,1982,ITA,41829,6047,200000,211,0,FRG,10926,10,200000,211,0,2,1
360,360,1986,BUL,10926,10,200000,211,0,ITA,41829,6047,200000,211,0,0,0
361,361,1986,CAN,46612,3775,15000,211,0,FRA,46984,6528,550,211,0,-1,-1
362,362,1986,ESP,37766,4676,800,211,0,BRA,14836,21256,450,211,0,-1,-1
363,363,1986,URS,10926,10,200000,211,0,HUN,33078,967,200000,211,0,6,1
364,364,1986,ARG,20771,4520,900,211,0,KOR,45275,5127,25000,211,0,2,1
365,365,1986,MAR,7370,3692,25000,211,0,POL,34241,3785,12500,211,0,0,0
366,366,1986,ALG,10926,10,200000,211,0,NIR,10926,10,200000,211,0,0,0
367,367,1986,BEL,53035,1159,1200,211,0,MEX,18445,12894,15000,211,1,-1,-1
368,368,1986,POR,10926,10,200000,211,0,ENG,10926,10,200000,211,0,1,1
369,369,1986,PAR,10926,10,200000,211,0,IRQ,9507,4023,200000,211,0,1,1
370,370,1986,SCO,10926,10,200000,211,0,DEN,10926,10,200000,211,0,-1,-1
371,371,1986,URU,10926,10,200000,211,0,FRG,10926,10,200000,211,0,0,0
372,372,1986,ITA,41829,6047,200000,211,0,ARG,20771,4520,900,211,0,0,0
373,373,1986,FRA,46984,6528,550,211,0,URS,10926,10,200000,211,0,0,0
374,374,1986,KOR,45275,5127,25000,211,0,BUL,10926,10,200000,211,0,0,0
375,375,1986,HUN,33078,967,200000,211,0,CAN,46612,3775,15000,211,0,2,1
376,376,1986,BRA,14836,21256,450,211,0,ALG,10926,10,200000,211,0,1,1
377,377,1986,ENG,10926,10,200000,211,0,MAR,7370,3692,25000,211,0,0,0
378,378,1986,NIR,10926,10,200000,211,0,ESP,37766,4676,800,211,0,-1,-1
379,379,1986,MEX,18445,12894,15000,211,1,PAR,10926,10,200000,211,0,0,0
380,380,1986,POL,34241,3785,12500,211,0,POR,10926,10,200000,211,0,1,1
381,381,1986,IRQ,9507,4023,200000,211,0,BEL,53035,1159,1200,211,0,-1,-1
382,382,1986,DEN,10926,10,200000,211,0,URU,10926,10,200000,211,0,5,1
383,383,1986,FRG,10926,10,200000,211,0,SCO,10926,10,200000,211,0,1,1
384,384,1986,HUN,33078,967,200000,211,0,FRA,46984,6528,550,211,0,-3,-1
385,385,1986,URS,10926,10,200000,211,0,CAN,46612,3775,15000,211,0,2,1
386,386,1986,KOR,45275,5127,25000,211,0,ITA,41829,6047,200000,211,0,-1,-1
387,387,1986,ARG,20771,4520,900,211,0,BUL,10926,10,200000,211,0,2,1
388,388,1986,PAR,10926,10,200000,211,0,BEL,53035,1159,1200,211,0,0,0
389,389,1986,IRQ,9507,4023,200000,211,0,MEX,18445,12894,15000,211,1,-1,-1
390,390,1986,POR,10926,10,200000,211,0,MAR,7370,3692,25000,211,0,-2,-1
391,391,1986,ENG,10926,10,200000,211,0,POL,34241,3785,12500,211,0,3,1
392,392,1986,NIR,10926,10,200000,211,0,BRA,14836,21256,450,211,0,-3,-1
393,393,1986,ALG,10926,10,200000,211,0,ESP,37766,4676,800,211,0,-3,-1
394,394,1986,SCO,10926,10,200000,211,0,URU,10926,10,200000,211,0,0,0
395,395,1986,DEN,10926,10,200000,211,0,FRG,10926,10,200000,211,0,2,1
396,396,1986,URS,10926,10,200000,211,0,BEL,53035,1159,1200,211,0,-1,-1
397,397,1986,MEX,18445,12894,15000,211,1,BUL,10926,10,200000,211,0,2,1
398,398,1986,ARG,20771,4520,900,211,0,URU,10926,10,200000,211,0,1,1
399,399,1986,BRA,14836,21256,450,211,0,POL,34241,3785,12500,211,0,4,1
400,400,1986,ITA,41829,6047,200000,211,0,FRA,46984,6528,550,211,0,-2,-1
401,401,1986,MAR,7370,3692,25000,211,0,FRG,10926,10,200000,211,0,-1,-1
402,402,1986,ENG,10926,10,200000,211,0,PAR,10926,10,200000,211,0,3,1
403,403,1986,DEN,10926,10,200000,211,0,ESP,37766,4676,800,211,0,-4,-1
404,404,1986,BRA,14836,21256,450,211,0,FRA,46984,6528,550,211,0,0,0
405,405,1986,FRG,10926,10,200000,211,0,MEX,18445,12894,15000,211,1,0,0
406,406,1986,ESP,37766,4676,800,211,0,BEL,53035,1159,1200,211,0,0,0
407,407,1986,ARG,20771,4520,900,211,0,ENG,10926,10,200000,211,0,1,1
408,408,1986,FRA,46984,6528,550,211,0,FRG,10926,10,200000,211,0,-2,-1
409,409,1986,ARG,20771,4520,900,211,0,BEL,53035,1159,1200,211,0,2,1
410,410,1986,FRA,46984,6528,550,211,0,BEL,53035,1159,1200,211,0,2,1
411,411,1986,ARG,20771,4520,900,211,0,FRG,10926,10,200000,211,0,1,1
412,412,1990,ARG,20771,4520,900,211,0,CMR,3868,2655,20000,211,0,-1,-1
413,413,1990,URS,10926,10,200000,211,0,ROU,32117,1924,200000,211,0,-2,-1
414,414,1990,UAE,10926,10,200000,211,0,COL,14932,5089,200000,211,0,-2,-1
415,415,1990,ITA,41829,6047,200000,211,1,AUT,55684,901,200000,211,0,1,1
416,416,1990,USA,63594,33101,10000,211,0,TCH,10926,10,200000,211,0,-4,-1
417,417,1990,BRA,14836,21256,450,211,0,SWE,55038,1010,200000,211,0,1,1
418,418,1990,FRG,10926,10,200000,211,0,YUG,10926,10,200000,211,0,3,1
419,419,1990,CRC,10926,10,200000,211,0,SCO,10926,10,200000,211,0,1,1
420,420,1990,ENG,10926,10,200000,211,0,IRL,93181,494,200000,211,0,0,0
421,421,1990,BEL,53035,1159,1200,211,0,KOR,45275,5127,25000,211,0,2,1
422,422,1990,NED,10926,10,200000,211,0,EGY,12608,10234,200000,211,0,0,0
423,423,1990,URU,10926,10,200000,211,0,ESP,37766,4676,800,211,0,0,0
424,424,1990,ARG,20771,4520,900,211,0,URS,10926,10,200000,211,0,2,1
425,425,1990,CMR,3868,2655,20000,211,0,ROU,32117,1924,200000,211,0,1,1
426,426,1990,YUG,10926,10,200000,211,0,COL,14932,5089,200000,211,0,1,1
427,427,1990,ITA,41829,6047,200000,211,1,USA,63594,33101,10000,211,0,1,1
428,428,1990,AUT,55684,901,200000,211,0,TCH,10926,10,200000,211,0,-1,-1
429,429,1990,FRG,10926,10,200000,211,0,UAE,10926,10,200000,211,0,4,1
430,430,1990,BRA,14836,21256,450,211,0,CRC,10926,10,200000,211,0,1,1
431,431,1990,SWE,55038,1010,200000,211,0,SCO,10926,10,200000,211,0,-1,-1
432,432,1990,ENG,10926,10,200000,211,0,NED,10926,10,200000,211,0,0,0
433,433,1990,IRL,93181,494,200000,211,0,EGY,12608,10234,200000,211,0,0,0
434,434,1990,KOR,45275,5127,25000,211,0,ESP,37766,4676,800,211,0,-2,-1
435,435,1990,BEL,53035,1159,1200,211,0,URU,10926,10,200000,211,0,2,1
436,436,1990,ARG,20771,4520,900,211,0,ROU,32117,1924,200000,211,0,0,0
437,437,1990,CMR,3868,2655,20000,211,0,URS,10926,10,200000,211,0,-4,-1
438,438,1990,FRG,10926,10,200000,211,0,COL,14932,5089,200000,211,0,0,0
439,439,1990,YUG,10926,10,200000,211,0,UAE,10926,10,200000,211,0,3,1
440,440,1990,ITA,41829,6047,200000,211,1,TCH,10926,10,200000,211,0,2,1
441,441,1990,AUT,55684,901,200000,211,0,USA,63594,33101,10000,211,0,1,1
442,442,1990,BRA,14836,21256,450,211,0,SCO,10926,10,200000,211,0,1,1
443,443,1990,SWE,55038,1010,200000,211,0,CRC,10926,10,200000,211,0,-1,-1
444,444,1990,KOR,45275,5127,25000,211,0,URU,10926,10,200000,211,0,-1,-1
445,445,1990,BEL,53035,1159,1200,211,0,ESP,37766,4676,800,211,0,-1,-1
446,446,1990,IRL,93181,494,200000,211,0,NED,10926,10,200000,211,0,0,0
447,447,1990,ENG,10926,10,200000,211,0,EGY,12608,10234,200000,211,0,1,1
448,448,1990,CMR,3868,2655,20000,211,0,COL,14932,5089,200000,211,0,1,1
449,449,1990,TCH,10926,10,200000,211,0,CRC,10926,10,200000,211,0,3,1
450,450,1990,BRA,14836,21256,450,211,0,ARG,20771,4520,900,211,0,-1,-1
451,451,1990,FRG,10926,10,200000,211,0,NED,10926,10,200000,211,0,1,1
452,452,1990,IRL,93181,494,200000,211,0,ROU,32117,1924,200000,211,0,0,0
453,453,1990,ITA,41829,6047,200000,211,1,URU,10926,10,200000,211,0,2,1
454,454,1990,ESP,37766,4676,800,211,0,YUG,10926,10,200000,211,0,-1,-1
455,455,1990,ENG,10926,10,200000,211,0,BEL,53035,1159,1200,211,0,1,1
456,456,1990,YUG,10926,10,200000,211,0,ARG,20771,4520,900,211,0,0,0
457,457,1990,ITA,41829,6047,200000,211,1,IRL,93181,494,200000,211,0,1,1
458,458,1990,FRG,10926,10,200000,211,0,TCH,10926,10,200000,211,0,1,1
459,459,1990,ENG,10926,10,200000,211,0,CMR,3868,2655,20000,211,0,1,1
460,460,1990,ITA,41829,6047,200000,211,1,ARG,20771,4520,900,211,0,0,0
461,461,1990,FRG,10926,10,200000,211,0,ENG,10926,10,200000,211,0,0,0
462,462,1990,ITA,41829,6047,200000,211,1,ENG,10926,10,200000,211,0,1,1
463,463,1990,FRG,10926,10,200000,211,0,ARG,20771,4520,900,211,0,1,1
464,464,1994,ESP,37766,4676,800,2,0,KOR,45275,5127,25000,35,0,0,0
465,465,1994,GER,10926,10,200000,5,0,BOL,8276,1168,200000,44,0,1,1
466,466,1994,USA,63594,33101,10000,23,1,SUI,10926,10,200000,7,0,0,0
467,467,1994,ITA,41829,6047,200000,4,0,IRL,93181,494,200000,9,0,-1,-1
468,468,1994,COL,14932,5089,200000,17,0,ROU,32117,1924,200000,11,0,-2,-1
469,469,1994,BEL,53035,1159,1200,24,0,MAR,7370,3692,25000,33,0,1,1
470,470,1994,NOR,62645,543,200000,8,0,MEX,18445,12894,15000,15,0,1,1
471,471,1994,CMR,3868,2655,20000,31,0,SWE,55038,1010,200000,3,0,0,0
472,472,1994,NED,10926,10,200000,6,0,KSA,10926,10,200000,27,0,1,1
473,473,1994,BRA,14836,21256,450,1,0,RUS,29813,14594,200000,13,0,2,1
474,474,1994,ARG,20771,4520,900,10,0,GRE,10926,10,200000,28,0,4,1
475,475,1994,NGA,5187,20614,200000,12,0,BUL,10926,10,200000,16,0,3,1
476,476,1994,GER,10926,10,200000,5,0,ESP,37766,4676,800,2,0,0,0
477,477,1994,ROU,32117,1924,200000,11,0,SUI,10926,10,200000,7,0,-3,-1
478,478,1994,USA,63594,33101,10000,23,1,COL,14932,5089,200000,17,0,1,1
479,479,1994,ITA,41829,6047,200000,4,0,NOR,62645,543,200000,8,0,1,1
480,480,1994,KOR,45275,5127,25000,35,0,BOL,8276,1168,200000,44,0,0,0
481,481,1994,MEX,18445,12894,15000,15,0,IRL,93181,494,200000,9,0,1,1
482,482,1994,SWE,55038,1010,200000,3,0,RUS,29813,14594,200000,13,0,2,1
483,483,1994,BRA,14836,21256,450,1,0,CMR,3868,2655,20000,31,0,3,1
484,484,1994,BEL,53035,1159,1200,24,0,NED,10926,10,200000,6,0,1,1
485,485,1994,KSA,10926,10,200000,27,0,MAR,7370,3692,25000,33,0,1,1
486,486,1994,ARG,20771,4520,900,10,0,NGA,5187,20614,200000,12,0,1,1
487,487,1994,BUL,10926,10,200000,16,0,GRE,10926,10,200000,28,0,4,1
488,488,1994,USA,63594,33101,10000,23,1,ROU,32117,1924,200000,11,0,-1,-1
489,489,1994,SUI,10926,10,200000,7,0,COL,14932,5089,200000,17,0,-2,-1
490,490,1994,GER,10926,10,200000,5,0,KOR,45275,5127,25000,35,0,1,1
491,491,1994,BOL,8276,1168,200000,44,0,ESP,37766,4676,800,2,0,-2,-1
492,492,1994,IRL,93181,494,200000,9,0,NOR,62645,543,200000,8,0,0,0
493,493,1994,BRA,14836,21256,450,1,0,SWE,55038,1010,200000,3,0,0,0
494,494,1994,ITA,41829,6047,200000,4,0,MEX,18445,12894,15000,15,0,0,0
495,495,1994,RUS,29813,14594,200000,13,0,CMR,3868,2655,20000,31,0,5,1
496,496,1994,MAR,7370,3692,25000,33,0,NED,10926,10,200000,6,0,-1,-1
497,497,1994,BEL,53035,1159,1200,24,0,KSA,10926,10,200000,27,0,-1,-1
498,498,1994,GRE,10926,10,200000,28,0,NGA,5187,20614,200000,12,0,-2,-1
499,499,1994,ARG,20771,4520,900,10,0,BUL,10926,10,200000,16,0,-2,-1
500,500,1994,GER,10926,10,200000,5,0,BEL,53035,1159,1200,24,0,1,1
501,501,1994,ESP,37766,4676,800,2,0,SUI,10926,10,200000,7,0,3,1
502,502,1994,KSA,10926,10,200000,27,0,SWE,55038,1010,200000,3,0,-2,-1
503,503,1994,ROU,32117,1924,200000,11,0,ARG,20771,4520,900,10,0,1,1
504,504,1994,NED,10926,10,200000,6,0,IRL,93181,494,200000,9,0,2,1
505,505,1994,BRA,14836,21256,450,1,0,USA,63594,33101,10000,23,1,1,1
506,506,1994,NGA,5187,20614,200000,12,0,ITA,41829,6047,200000,4,0,-1,-1
507,507,1994,MEX,18445,12894,15000,15,0,BUL,10926,10,200000,16,0,0,0
508,508,1994,ITA,41829,6047,200000,4,0,ESP,37766,4676,800,2,0,1,1
509,509,1994,NED,10926,10,200000,6,0,BRA,14836,21256,450,1,0,-1,-1
510,510,1994,BUL,10926,10,200000,16,0,GER,10926,10,200000,5,0,1,1
511,511,1994,ROU,32117,1924,200000,11,0,SWE,55038,1010,200000,3,0,0,0
512,512,1994,BUL,10926,10,200000,16,0,ITA,41829,6047,200000,4,0,-1,-1
513,513,1994,SWE,55038,1010,200000,3,0,BRA,14836,21256,450,1,0,-1,-1
514,514,1994,SWE,55038,1010,200000,3,0,BUL,10926,10,200000,16,0,4,1
515,515,1994,BRA,14836,21256,450,1,0,ITA,41829,6047,200000,4,0,0,0
516,516,1998,BRA,14836,21256,450,1,0,SCO,10926,10,200000,37,0,1,1
517,517,1998,MAR,7370,3692,25000,13,0,NOR,62645,543,200000,10,0,0,0
518,518,1998,ITA,41829,6047,200000,14,0,CHI,0,10,200000,7,0,0,0
519,519,1998,CMR,3868,2655,20000,49,0,AUT,55684,901,200000,27,0,0,0
520,520,1998,PAR,10926,10,200000,30,0,BUL,10926,10,200000,38,0,0,0
521,521,1998,KSA,10926,10,200000,32,0,DEN,10926,10,200000,24,0,-1,-1
522,522,1998,FRA,46984,6528,550,6,1,RSA,10926,10,200000,36,0,3,1
523,523,1998,ESP,37766,4676,800,23,0,NGA,5187,20614,200000,67,0,-1,-1
524,524,1998,KOR,45275,5127,25000,20,0,MEX,18445,12894,15000,4,0,-2,-1
525,525,1998,NED,10926,10,200000,25,0,BEL,53035,1159,1200,41,0,0,0
526,526,1998,ARG,20771,4520,900,17,0,JPN,42391,12648,25000,9,0,1,1
527,527,1998,YUG,10926,10,200000,8,0,IRN,13339,8400,50000,47,0,1,1
528,528,1998,JAM,9242,297,200000,33,0,CRO,10926,10,200000,16,0,-2,-1
529,529,1998,ENG,10926,10,200000,5,0,TUN,10823,1182,35000,19,0,2,1
530,530,1998,ROU,32117,1924,200000,11,0,COL,14932,5089,200000,15,0,1,1
531,531,1998,GER,10926,10,200000,2,0,USA,63594,33101,10000,12,0,2,1
532,532,1998,SCO,10926,10,200000,37,0,NOR,62645,543,200000,10,0,0,0
533,533,1998,BRA,14836,21256,450,1,0,MAR,7370,3692,25000,13,0,3,1
534,534,1998,CHI,0,10,200000,7,0,AUT,55684,901,200000,27,0,0,0
535,535,1998,ITA,41829,6047,200000,14,0,CMR,3868,2655,20000,49,0,3,1
536,536,1998,RSA,10926,10,200000,36,0,DEN,10926,10,200000,24,0,0,0
537,537,1998,FRA,46984,6528,550,6,1,KSA,10926,10,200000,32,0,4,1
538,538,1998,NGA,5187,20614,200000,67,0,BUL,10926,10,200000,38,0,1,1
539,539,1998,ESP,37766,4676,800,23,0,PAR,10926,10,200000,30,0,0,0
540,540,1998,JPN,42391,12648,25000,9,0,CRO,10926,10,200000,16,0,-1,-1
541,541,1998,BEL,53035,1159,1200,41,0,MEX,18445,12894,15000,4,0,0,0
542,542,1998,NED,10926,10,200000,25,0,KOR,45275,5127,25000,20,0,5,1
543,543,1998,GER,10926,10,200000,2,0,YUG,10926,10,200000,8,0,0,0
544,544,1998,ARG,20771,4520,900,17,0,JAM,9242,297,200000,33,0,5,1
545,545,1998,USA,63594,33101,10000,12,0,IRN,13339,8400,50000,47,0,-1,-1
546,546,1998,COL,14932,5089,200000,15,0,TUN,10823,1182,35000,19,0,1,1
547,547,1998,ROU,32117,1924,200000,11,0,ENG,10926,10,200000,5,0,1,1
548,548,1998,ITA,41829,6047,200000,14,0,AUT,55684,901,200000,27,0,1,1
549,549,1998,CHI,0,10,200000,7,0,CMR,3868,2655,20000,49,0,0,0
550,550,1998,SCO,10926,10,200000,37,0,MAR,7370,3692,25000,13,0,-3,-1
551,551,1998,BRA,14836,21256,450,1,0,NOR,62645,543,200000,10,0,-1,-1
552,552,1998,FRA,46984,6528,550,6,1,DEN,10926,10,200000,24,0,1,1
553,553,1998,RSA,10926,10,200000,36,0,KSA,10926,10,200000,32,0,0,0
554,554,1998,ESP,37766,4676,800,23,0,BUL,10926,10,200000,38,0,5,1
555,555,1998,NGA,5187,20614,200000,67,0,PAR,10926,10,200000,30,0,-2,-1
556,556,1998,BEL,53035,1159,1200,41,0,KOR,45275,5127,25000,20,0,0,0
557,557,1998,NED,10926,10,200000,25,0,MEX,18445,12894,15000,4,0,0,0
558,558,1998,GER,10926,10,200000,2,0,IRN,13339,8400,50000,47,0,2,1
559,559,1998,USA,63594,33101,10000,12,0,YUG,10926,10,200000,8,0,-1,-1
560,560,1998,JPN,42391,12648,25000,9,0,JAM,9242,297,200000,33,0,-1,-1
561,561,1998,ARG,20771,4520,900,17,0,CRO,10926,10,200000,16,0,1,1
562,562,1998,ROU,32117,1924,200000,11,0,TUN,10823,1182,35000,19,0,0,0
563,563,1998,COL,14932,5089,200000,15,0,ENG,10926,10,200000,5,0,-2,-1
564,564,1998,ITA,41829,6047,200000,14,0,NOR,62645,543,200000,10,0,1,1
565,565,1998,BRA,14836,21256,450,1,0,CHI,0,10,200000,7,0,3,1
566,566,1998,FRA,46984,6528,550,6,1,PAR,10926,10,200000,30,0,1,1
567,567,1998,NGA,5187,20614,200000,67,0,DEN,10926,10,200000,24,0,-3,-1
568,568,1998,GER,10926,10,200000,2,0,MEX,18445,12894,15000,4,0,1,1
569,569,1998,NED,10926,10,200000,25,0,YUG,10926,10,200000,8,0,1,1
570,570,1998,ROU,32117,1924,200000,11,0,CRO,10926,10,200000,16,0,-1,-1
571,571,1998,ARG,20771,4520,900,17,0,ENG,10926,10,200000,5,0,0,0
572,572,1998,ITA,41829,6047,200000,14,0,FRA,46984,6528,550,6,1,0,0
573,573,1998,BRA,14836,21256,450,1,0,DEN,10926,10,200000,24,0,1,1
574,574,1998,NED,10926,10,200000,25,0,ARG,20771,4520,900,17,0,1,1
575,575,1998,GER,10926,10,200000,2,0,CRO,10926,10,200000,16,0,-3,-1
576,576,1998,BRA,14836,21256,450,1,0,NED,10926,10,200000,25,0,0,0
577,577,1998,FRA,46984,6528,550,6,1,CRO,10926,10,200000,16,0,1,1
578,578,1998,NED,10926,10,200000,25,0,CRO,10926,10,200000,16,0,-1,-1
579,579,1998,BRA,14836,21256,450,1,0,FRA,46984,6528,550,6,1,-3,-1
580,580,2002,FRA,46984,6528,550,3,0,SEN,3503,1675,8000,32,0,-1,-1
581,581,2002,URU,10926,10,200000,23,0,DEN,10926,10,200000,13,0,-1,-1
582,582,2002,IRL,93181,494,200000,14,0,CMR,3868,2655,20000,17,0,0,0
583,583,2002,GER,10926,10,200000,5,0,KSA,10926,10,200000,38,0,8,1
584,584,2002,ARG,20771,4520,900,2,0,NGA,5187,20614,200000,29,0,1,1
585,585,2002,PAR,10926,10,200000,18,0,RSA,10926,10,200000,34,0,0,0
586,586,2002,ENG,10926,10,200000,8,0,SWE,55038,1010,200000,20,0,0,0
587,587,2002,ESP,37766,4676,800,4,0,SVN,39769,208,200000,35,0,2,1
588,588,2002,BRA,14836,21256,450,1,0,TUR,27236,8434,200000,12,0,1,1
589,589,2002,ITA,41829,6047,200000,10,0,ECU,10896,1765,15000,31,0,2,1
590,590,2002,CRO,10926,10,200000,27,0,MEX,18445,12894,15000,6,0,-1,-1
591,591,2002,CHN,17211,143933,200000,51,0,CRC,10926,10,200000,26,0,-2,-1
592,592,2002,JPN,42391,12648,25000,24,1,BEL,53035,1159,1200,19,0,0,0
593,593,2002,KOR,45275,5127,25000,22,1,POL,34241,3785,12500,39,0,2,1
594,594,2002,RUS,29813,14594,200000,28,0,TUN,10823,1182,35000,36,0,2,1
595,595,2002,USA,63594,33101,10000,11,0,POR,10926,10,200000,7,0,1,1
596,596,2002,GER,10926,10,200000,5,0,IRL,93181,494,200000,14,0,0,0
597,597,2002,DEN,10926,10,200000,13,0,SEN,3503,1675,8000,32,0,0,0
598,598,2002,CMR,3868,2655,20000,17,0,KSA,10926,10,200000,38,0,1,1
599,599,2002,FRA,46984,6528,550,3,0,URU,10926,10,200000,23,0,0,0
600,600,2002,SWE,55038,1010,200000,20,0,NGA,5187,20614,200000,29,0,1,1
601,601,2002,ARG,20771,4520,900,2,0,ENG,10926,10,200000,8,0,-1,-1
602,602,2002,ESP,37766,4676,800,4,0,PAR,10926,10,200000,18,0,2,1
603,603,2002,RSA,10926,10,200000,34,0,SVN,39769,208,200000,35,0,1,1
604,604,2002,BRA,14836,21256,450,1,0,CHN,17211,143933,200000,51,0,4,1
605,605,2002,ITA,41829,6047,200000,10,0,CRO,10926,10,200000,27,0,-1,-1
606,606,2002,CRC,10926,10,200000,26,0,TUR,27236,8434,200000,12,0,0,0
607,607,2002,JPN,42391,12648,25000,24,1,RUS,29813,14594,200000,28,0,1,1
608,608,2002,MEX,18445,12894,15000,6,0,ECU,10896,1765,15000,31,0,1,1
609,609,2002,KOR,45275,5127,25000,22,1,USA,63594,33101,10000,11,0,0,0
610,610,2002,POR,10926,10,200000,7,0,POL,34241,3785,12500,39,0,4,1
611,611,2002,TUN,10823,1182,35000,36,0,BEL,53035,1159,1200,19,0,0,0
612,612,2002,DEN,10926,10,200000,13,0,FRA,46984,6528,550,3,0,2,1
613,613,2002,SEN,3503,1675,8000,32,0,URU,10926,10,200000,23,0,0,0
614,614,2002,KSA,10926,10,200000,38,0,IRL,93181,494,200000,14,0,-3,-1
615,615,2002,CMR,3868,2655,20000,17,0,GER,10926,10,200000,5,0,-2,-1
616,616,2002,SWE,55038,1010,200000,20,0,ARG,20771,4520,900,2,0,0,0
617,617,2002,NGA,5187,20614,200000,29,0,ENG,10926,10,200000,8,0,0,0
618,618,2002,SVN,39769,208,200000,35,0,PAR,10926,10,200000,18,0,-2,-1
619,619,2002,RSA,10926,10,200000,34,0,ESP,37766,4676,800,4,0,-1,-1
620,620,2002,CRC,10926,10,200000,26,0,BRA,14836,21256,450,1,0,-3,-1
621,621,2002,TUR,27236,8434,200000,12,0,CHN,17211,143933,200000,51,0,3,1
622,622,2002,ECU,10896,1765,15000,31,0,CRO,10926,10,200000,27,0,1,1
623,623,2002,MEX,18445,12894,15000,6,0,ITA,41829,6047,200000,10,0,0,0
624,624,2002,TUN,10823,1182,35000,36,0,JPN,42391,12648,25000,24,1,-2,-1
625,625,2002,POR,10926,10,200000,7,0,KOR,45275,5127,25000,22,1,-1,-1
626,626,2002,POL,34241,3785,12500,39,0,USA,63594,33101,10000,11,0,2,1
627,627,2002,BEL,53035,1159,1200,19,0,RUS,29813,14594,200000,28,0,1,1
628,628,2002,DEN,10926,10,200000,13,0,ENG,10926,10,200000,8,0,-3,-1
629,629,2002,GER,10926,10,200000,5,0,PAR,10926,10,200000,18,0,1,1
630,630,2002,ESP,37766,4676,800,4,0,IRL,93181,494,200000,14,0,0,0
631,631,2002,SWE,55038,1010,200000,20,0,SEN,3503,1675,8000,32,0,-1,-1
632,632,2002,BRA,14836,21256,450,1,0,BEL,53035,1159,1200,19,0,2,1
633,633,2002,MEX,18445,12894,15000,6,0,USA,63594,33101,10000,11,0,-2,-1
634,634,2002,JPN,42391,12648,25000,24,1,TUR,27236,8434,200000,12,0,-1,-1
635,635,2002,KOR,45275,5127,25000,22,1,ITA,41829,6047,200000,10,0,1,1
636,636,2002,ENG,10926,10,200000,8,0,BRA,14836,21256,450,1,0,-1,-1
637,637,2002,GER,10926,10,200000,5,0,USA,63594,33101,10000,11,0,1,1
638,638,2002,SEN,3503,1675,8000,32,0,TUR,27236,8434,200000,12,0,-1,-1
639,639,2002,ESP,37766,4676,800,4,0,KOR,45275,5127,25000,22,1,0,0
640,640,2002,GER,10926,10,200000,5,0,KOR,45275,5127,25000,22,1,1,1
641,641,2002,BRA,14836,21256,450,1,0,TUR,27236,8434,200000,12,0,1,1
642,642,2002,KOR,45275,5127,25000,22,1,TUR,27236,8434,200000,12,0,-1,-1
643,643,2002,GER,10926,10,200000,5,0,BRA,14836,21256,450,1,0,-2,-1
644,644,2006,GER,10926,10,200000,9,0,CRC,10926,10,200000,47,0,2,1
645,645,2006,POL,34241,3785,12500,30,0,ECU,10896,1765,15000,27,0,-2,-1
646,646,2006,ENG,10926,10,200000,5,0,PAR,10926,10,200000,19,0,1,1
647,647,2006,TRI,10926,10,200000,61,0,SWE,55038,1010,200000,20,0,0,0
648,648,2006,ARG,20771,4520,900,3,0,CIV,5466,2638,200000,18,0,1,1
649,649,2006,SCG,10926,10,200000,36,0,NED,10926,10,200000,6,0,-1,-1
650,650,2006,MEX,18445,12894,15000,16,0,IRN,13339,8400,50000,45,0,2,1
651,651,2006,ANG,10926,10,200000,53,0,POR,10926,10,200000,8,0,-1,-1
652,652,2006,AUS,53330,2550,50000,37,0,JPN,42391,12648,25000,48,0,2,1
653,653,2006,USA,63594,33101,10000,23,0,CZE,41604,1071,200000,10,0,-3,-1
654,654,2006,ITA,41829,6047,200000,2,0,GHA,5745,3108,25000,25,0,2,1
655,655,2006,KOR,45275,5127,25000,52,0,TOG,10926,10,200000,46,0,1,1
656,656,2006,FRA,46984,6528,550,4,0,SUI,10926,10,200000,13,0,0,0
657,657,2006,BRA,14836,21256,450,1,0,CRO,10926,10,200000,21,0,1,1
658,658,2006,ESP,37766,4676,800,7,0,UKR,13055,4374,25000,15,0,4,1
659,659,2006,TUN,10823,1182,35000,30,0,KSA,10926,10,200000,75,0,0,0
660,660,2006,GER,10926,10,200000,9,0,POL,34241,3785,12500,30,0,1,1
661,661,2006,ECU,10896,1765,15000,27,0,CRC,10926,10,200000,47,0,3,1
662,662,2006,ENG,10926,10,200000,5,0,TRI,10926,10,200000,61,0,2,1
663,663,2006,SWE,55038,1010,200000,20,0,PAR,10926,10,200000,19,0,1,1
664,664,2006,ARG,20771,4520,900,3,0,SCG,10926,10,200000,36,0,6,1
665,665,2006,NED,10926,10,200000,6,0,CIV,5466,2638,200000,18,0,1,1
666,666,2006,MEX,18445,12894,15000,16,0,ANG,10926,10,200000,53,0,0,0
667,667,2006,POR,10926,10,200000,8,0,IRN,13339,8400,50000,45,0,2,1
668,668,2006,CZE,41604,1071,200000,10,0,GHA,5745,3108,25000,25,0,-2,-1
669,669,2006,ITA,41829,6047,200000,2,0,USA,63594,33101,10000,23,0,0,0
670,670,2006,JPN,42391,12648,25000,48,0,CRO,10926,10,200000,21,0,0,0
671,671,2006,BRA,14836,21256,450,1,0,AUS,53330,2550,50000,37,0,2,1
672,672,2006,FRA,46984,6528,550,4,0,KOR,45275,5127,25000,52,0,0,0
673,673,2006,TOG,10926,10,200000,46,0,SUI,10926,10,200000,13,0,-2,-1
674,674,2006,KSA,10926,10,200000,75,0,UKR,13055,4374,25000,15,0,-4,-1
675,675,2006,ESP,37766,4676,800,7,0,TUN,10823,1182,35000,30,0,2,1
676,676,2006,ECU,10896,1765,15000,27,0,GER,10926,10,200000,9,0,-3,-1
677,677,2006,CRC,10926,10,200000,47,0,POL,34241,3785,12500,30,0,-1,-1
678,678,2006,SWE,55038,1010,200000,20,0,ENG,10926,10,200000,5,0,0,0
679,679,2006,PAR,10926,10,200000,19,0,TRI,10926,10,200000,61,0,2,1
680,680,2006,IRN,13339,8400,50000,45,0,ANG,10926,10,200000,53,0,0,0
681,681,2006,POR,10926,10,200000,8,0,MEX,18445,12894,15000,16,0,1,1
682,682,2006,NED,10926,10,200000,6,0,ARG,20771,4520,900,3,0,0,0
683,683,2006,CIV,5466,2638,200000,18,0,SCG,10926,10,200000,36,0,1,1
684,684,2006,CZE,41604,1071,200000,10,0,ITA,41829,6047,200000,2,0,-2,-1
685,685,2006,GHA,5745,3108,25000,25,0,USA,63594,33101,10000,23,0,1,1
686,686,2006,JPN,42391,12648,25000,48,0,BRA,14836,21256,450,1,0,-3,-1
687,687,2006,CRO,10926,10,200000,21,0,AUS,53330,2550,50000,37,0,0,0
688,688,2006,UKR,13055,4374,25000,15,0,TUN,10823,1182,35000,30,0,1,1
689,689,2006,KSA,10926,10,200000,75,0,ESP,37766,4676,800,7,0,-1,-1
690,690,2006,TOG,10926,10,200000,46,0,FRA,46984,6528,550,4,0,-2,-1
691,691,2006,SUI,10926,10,200000,13,0,KOR,45275,5127,25000,52,0,2,1
692,692,2006,GER,10926,10,200000,9,0,SWE,55038,1010,200000,20,0,2,1
693,693,2006,ARG,20771,4520,900,3,0,MEX,18445,12894,15000,16,0,1,1
694,694,2006,ENG,10926,10,200000,5,0,ECU,10896,1765,15000,27,0,1,1
695,695,2006,POR,10926,10,200000,8,0,NED,10926,10,200000,6,0,1,1
696,696,2006,ITA,41829,6047,200000,2,0,AUS,53330,2550,50000,37,0,1,1
697,697,2006,SUI,10926,10,200000,13,0,UKR,13055,4374,25000,15,0,0,0
698,698,2006,BRA,14836,21256,450,1,0,GHA,5745,3108,25000,25,0,3,1
699,699,2006,ESP,37766,4676,800,7,0,FRA,46984,6528,550,4,0,-2,-1
700,700,2006,GER,10926,10,200000,9,0,ARG,20771,4520,900,3,0,0,0
701,701,2006,ITA,41829,6047,200000,2,0,UKR,13055,4374,25000,15,0,3,1
702,702,2006,ENG,10926,10,200000,5,0,POR,10926,10,200000,8,0,0,0
703,703,2006,BRA,14836,21256,450,1,0,FRA,46984,6528,550,4,0,-1,-1
704,704,2006,GER,10926,10,200000,9,0,ITA,41829,6047,200000,2,0,-2,-1
705,705,2006,POR,10926,10,200000,8,0,FRA,46984,6528,550,4,0,-1,-1
706,706,2006,GER,10926,10,200000,9,0,POR,10926,10,200000,8,0,2,1
707,707,2006,ITA,41829,6047,200000,2,0,FRA,46984,6528,550,4,0,0,0
708,708,2010,RSA,10926,10,200000,81,0,MEX,18445,12894,15000,17,0,0,0
709,709,2010,URU,10926,10,200000,21,0,FRA,46984,6528,550,7,0,0,0
710,710,2010,KOR,45275,5127,25000,49,0,GRE,10926,10,200000,12,0,2,1
711,711,2010,ARG,20771,4520,900,8,0,NGA,5187,20614,200000,15,0,1,1
712,712,2010,ENG,10926,10,200000,9,0,USA,63594,33101,10000,14,0,0,0
713,713,2010,ALG,10926,10,200000,31,0,SVN,39769,208,200000,33,0,-1,-1
714,714,2010,SRB,19108,874,15000,13,0,GHA,5745,3108,25000,27,0,-1,-1
715,715,2010,GER,10926,10,200000,6,0,AUS,53330,2550,50000,23,0,4,1
716,716,2010,NED,10926,10,200000,3,0,DEN,10926,10,200000,26,0,2,1
717,717,2010,JPN,42391,12648,25000,40,0,CMR,3868,2655,20000,20,0,1,1
718,718,2010,ITA,41829,6047,200000,4,0,PAR,10926,10,200000,29,0,0,0
719,719,2010,NZL,44492,483,200000,79,0,SVK,31357,546,200000,27,0,0,0
720,720,2010,CIV,5466,2638,200000,22,0,POR,10926,10,200000,5,0,0,0
721,721,2010,BRA,14836,21256,450,2,0,PRK,0,2578,200000,85,0,1,1
722,722,2010,HON,10926,10,200000,34,0,CHI,0,10,200000,16,0,-1,-1
723,723,2010,ESP,37766,4676,800,1,0,SUI,10926,10,200000,18,0,-1,-1
724,724,2010,RSA,10926,10,200000,81,0,URU,10926,10,200000,21,0,-3,-1
725,725,2010,ARG,20771,4520,900,8,0,KOR,45275,5127,25000,49,0,3,1
726,726,2010,GRE,10926,10,200000,12,0,NGA,5187,20614,200000,15,0,1,1
727,727,2010,FRA,46984,6528,550,7,0,MEX,18445,12894,15000,17,0,-2,-1
728,728,2010,GER,10926,10,200000,6,0,SRB,19108,874,15000,13,0,-1,-1
729,729,2010,SVN,39769,208,200000,33,0,USA,63594,33101,10000,14,0,0,0
730,730,2010,ENG,10926,10,200000,9,0,ALG,10926,10,200000,31,0,0,0
731,731,2010,NED,10926,10,200000,3,0,JPN,42391,12648,25000,40,0,1,1
732,732,2010,GHA,5745,3108,25000,27,0,AUS,53330,2550,50000,23,0,0,0
733,733,2010,CMR,3868,2655,20000,20,0,DEN,10926,10,200000,26,0,-1,-1
734,734,2010,SVK,31357,546,200000,27,0,PAR,10926,10,200000,29,0,-2,-1
735,735,2010,ITA,41829,6047,200000,4,0,NZL,44492,483,200000,79,0,0,0
736,736,2010,BRA,14836,21256,450,2,0,CIV,5466,2638,200000,22,0,2,1
737,737,2010,POR,10926,10,200000,5,0,PRK,0,2578,200000,85,0,7,1
738,738,2010,CHI,0,10,200000,16,0,SUI,10926,10,200000,18,0,1,1
739,739,2010,ESP,37766,4676,800,1,0,HON,10926,10,200000,34,0,2,1
740,740,2010,MEX,18445,12894,15000,17,0,URU,10926,10,200000,21,0,-1,-1
741,741,2010,FRA,46984,6528,550,7,0,RSA,10926,10,200000,81,0,-1,-1
742,742,2010,NGA,5187,20614,200000,15,0,KOR,45275,5127,25000,49,0,0,0
743,743,2010,GRE,10926,10,200000,12,0,ARG,20771,4520,900,8,0,-2,-1
744,744,2010,SVN,39769,208,200000,33,0,ENG,10926,10,200000,9,0,-1,-1
745,745,2010,USA,63594,33101,10000,14,0,ALG,10926,10,200000,31,0,1,1
746,746,2010,GHA,5745,3108,25000,27,0,GER,10926,10,200000,6,0,-1,-1
747,747,2010,AUS,53330,2550,50000,23,0,SRB,19108,874,15000,13,0,1,1
748,748,2010,SVK,31357,546,200000,27,0,ITA,41829,6047,200000,4,0,1,1
749,749,2010,PAR,10926,10,200000,29,0,NZL,44492,483,200000,79,0,0,0
750,750,2010,DEN,10926,10,200000,26,0,JPN,42391,12648,25000,40,0,-2,-1
751,751,2010,CMR,3868,2655,20000,20,0,NED,10926,10,200000,3,0,-1,-1
752,752,2010,POR,10926,10,200000,5,0,BRA,14836,21256,450,2,0,0,0
753,753,2010,PRK,0,2578,200000,85,0,CIV,5466,2638,200000,22,0,-3,-1
754,754,2010,CHI,0,10,200000,16,0,ESP,37766,4676,800,1,0,-1,-1
755,755,2010,SUI,10926,10,200000,18,0,HON,10926,10,200000,34,0,0,0
756,756,2010,URU,10926,10,200000,21,0,KOR,45275,5127,25000,49,0,1,1
757,757,2010,USA,63594,33101,10000,14,0,GHA,5745,3108,25000,27,0,-1,-1
758,758,2010,GER,10926,10,200000,6,0,ENG,10926,10,200000,9,0,3,1
759,759,2010,ARG,20771,4520,900,8,0,MEX,18445,12894,15000,17,0,2,1
760,760,2010,NED,10926,10,200000,3,0,SVK,31357,546,200000,27,0,1,1
761,761,2010,BRA,14836,21256,450,2,0,CHI,0,10,200000,16,0,3,1
762,762,2010,PAR,10926,10,200000,29,0,JPN,42391,12648,25000,40,0,0,0
763,763,2010,ESP,37766,4676,800,1,0,POR,10926,10,200000,5,0,1,1
764,764,2010,NED,10926,10,200000,3,0,BRA,14836,21256,450,2,0,1,1
765,765,2010,URU,10926,10,200000,21,0,GHA,5745,3108,25000,27,0,0,0
766,766,2010,ARG,20771,4520,900,8,0,GER,10926,10,200000,6,0,-4,-1
767,767,2010,PAR,10926,10,200000,29,0,ESP,37766,4676,800,1,0,-1,-1
768,768,2010,URU,10926,10,200000,21,0,NED,10926,10,200000,3,0,-1,-1
769,769,2010,GER,10926,10,200000,6,0,ESP,37766,4676,800,1,0,-1,-1
770,770,2010,URU,10926,10,200000,21,0,GER,10926,10,200000,6,0,-1,-1
771,771,2010,NED,10926,10,200000,3,0,ESP,37766,4676,800,1,0,-1,-1
772,772,2014,BRA,14836,21256,450,7,1,CRO,10926,10,200000,17,0,2,1
773,773,2014,MEX,18445,12894,15000,18,0,CMR,3868,2655,20000,53,0,1,1
774,774,2014,ESP,37766,4676,800,8,0,NED,10926,10,200000,3,0,-4,-1
775,775,2014,CHI,0,10,200000,12,0,AUS,53330,2550,50000,76,0,2,1
776,776,2014,COL,14932,5089,200000,4,0,GRE,10926,10,200000,13,0,3,1
777,777,2014,URU,10926,10,200000,6,0,CRC,10926,10,200000,16,0,-2,-1
778,778,2014,ENG,10926,10,200000,20,0,ITA,41829,6047,200000,14,0,-1,-1
779,779,2014,CIV,5466,2638,200000,25,0,JPN,42391,12648,25000,45,0,1,1
780,780,2014,SUI,10926,10,200000,9,0,ECU,10896,1765,15000,21,0,1,1
781,781,2014,FRA,46984,6528,550,10,0,HON,10926,10,200000,40,0,3,1
782,782,2014,ARG,20771,4520,900,2,0,BIH,15624,329,200000,21,0,1,1
783,783,2014,GER,10926,10,200000,1,0,POR,10926,10,200000,11,0,4,1
784,784,2014,IRN,13339,8400,50000,49,0,NGA,5187,20614,200000,34,0,0,0
785,785,2014,GHA,5745,3108,25000,38,0,USA,63594,33101,10000,15,0,-1,-1
786,786,2014,BEL,53035,1159,1200,5,0,ALG,10926,10,200000,24,0,1,1
787,787,2014,BRA,14836,21256,450,7,1,MEX,18445,12894,15000,18,0,0,0
788,788,2014,RUS,29813,14594,200000,23,0,KOR,45275,5127,25000,56,0,0,0
789,789,2014,AUS,53330,2550,50000,76,0,NED,10926,10,200000,3,0,-1,-1
790,790,2014,ESP,37766,4676,800,8,0,CHI,0,10,200000,12,0,-2,-1
791,791,2014,CMR,3868,2655,20000,53,0,CRO,10926,10,200000,17,0,-4,-1
792,792,2014,COL,14932,5089,200000,4,0,CIV,5466,2638,200000,25,0,1,1
793,793,2014,URU,10926,10,200000,6,0,ENG,10926,10,200000,20,0,1,1
794,794,2014,JPN,42391,12648,25000,45,0,GRE,10926,10,200000,13,0,0,0
795,795,2014,ITA,41829,6047,200000,14,0,CRC,10926,10,200000,16,0,-1,-1
796,796,2014,SUI,10926,10,200000,9,0,FRA,46984,6528,550,10,0,-3,-1
797,797,2014,HON,10926,10,200000,40,0,ECU,10896,1765,15000,21,0,-1,-1
798,798,2014,ARG,20771,4520,900,2,0,IRN,13339,8400,50000,49,0,1,1
799,799,2014,GER,10926,10,200000,1,0,GHA,5745,3108,25000,38,0,0,0
800,800,2014,NGA,5187,20614,200000,34,0,BIH,15624,329,200000,21,0,1,1
801,801,2014,BEL,53035,1159,1200,5,0,RUS,29813,14594,200000,23,0,1,1
802,802,2014,KOR,45275,5127,25000,56,0,ALG,10926,10,200000,24,0,-2,-1
803,803,2014,USA,63594,33101,10000,15,0,POR,10926,10,200000,11,0,0,0
804,804,2014,AUS,53330,2550,50000,76,0,ESP,37766,4676,800,8,0,-3,-1
805,805,2014,NED,10926,10,200000,3,0,CHI,0,10,200000,12,0,2,1
806,806,2014,CMR,3868,2655,20000,53,0,BRA,14836,21256,450,7,1,-3,-1
807,807,2014,CRO,10926,10,200000,17,0,MEX,18445,12894,15000,18,0,-2,-1
808,808,2014,ITA,41829,6047,200000,14,0,URU,10926,10,200000,6,0,-1,-1
809,809,2014,CRC,10926,10,200000,16,0,ENG,10926,10,200000,20,0,0,0
810,810,2014,JPN,42391,12648,25000,45,0,COL,14932,5089,200000,4,0,-3,-1
811,811,2014,GRE,10926,10,200000,13,0,CIV,5466,2638,200000,25,0,1,1
812,812,2014,NGA,5187,20614,200000,34,0,ARG,20771,4520,900,2,0,-1,-1
813,813,2014,BIH,15624,329,200000,21,0,IRN,13339,8400,50000,49,0,2,1
814,814,2014,HON,10926,10,200000,40,0,SUI,10926,10,200000,9,0,-3,-1
815,815,2014,ECU,10896,1765,15000,21,0,FRA,46984,6528,550,10,0,0,0
816,816,2014,USA,63594,33101,10000,15,0,GER,10926,10,200000,1,0,-1,-1
817,817,2014,POR,10926,10,200000,11,0,GHA,5745,3108,25000,38,0,1,1
818,818,2014,KOR,45275,5127,25000,56,0,BEL,53035,1159,1200,5,0,-1,-1
819,819,2014,ALG,10926,10,200000,24,0,RUS,29813,14594,200000,23,0,0,0
820,820,2014,BRA,14836,21256,450,7,1,CHI,0,10,200000,12,0,0,0
821,821,2014,COL,14932,5089,200000,4,0,URU,10926,10,200000,6,0,2,1
822,822,2014,FRA,46984,6528,550,10,0,NGA,5187,20614,200000,34,0,2,1
823,823,2014,GER,10926,10,200000,1,0,ALG,10926,10,200000,24,0,1,1
824,824,2014,BRA,14836,21256,450,7,1,COL,14932,5089,200000,4,0,1,1
825,825,2014,FRA,46984,6528,550,10,0,GER,10926,10,200000,1,0,-1,-1
826,826,2014,BRA,14836,21256,450,7,1,GER,10926,10,200000,1,0,-6,-1
827,827,2014,BRA,14836,21256,450,7,1,NED,10926,10,200000,3,0,-3,-1
828,828,2014,GER,10926,10,200000,1,0,ARG,20771,4520,900,2,0,1,1
829,829,2014,NED,10926,10,200000,3,0,ARG,20771,4520,900,2,0,0,0
830,830,2014,NED,10926,10,200000,3,0,CRC,10926,10,200000,16,0,0,0
831,831,2014,ARG,20771,4520,900,2,0,BEL,53035,1159,1200,5,0,1,1
832,832,2014,NED,10926,10,200000,3,0,MEX,18445,12894,15000,18,0,1,1
833,833,2014,CRC,10926,10,200000,16,0,GRE,10926,10,200000,13,0,0,0
834,834,2014,ARG,20771,4520,900,2,0,SUI,10926,10,200000,9,0,1,1
835,835,2014,BEL,53035,1159,1200,5,0,USA,63594,33101,10000,15,0,1,1
836,836,2014,BRA,14836,21256,450,7,1,CHI,0,10,200000,12,0,0,0
837,837,2014,COL,14932,5089,200000,4,0,URU,10926,10,200000,6,0,2,1
838,838,2014,NED,10926,10,200000,3,0,MEX,18445,12894,15000,18,0,1,1
839,839,2014,CRC,10926,10,200000,16,0,GRE,10926,10,200000,13,0,0,0
840,840,2014,FRA,46984,6528,550,10,0,NGA,5187,20614,200000,34,0,2,1
841,841,2014,GER,10926,10,200000,1,0,ALG,10926,10,200000,24,0,1,1
842,842,2014,ARG,20771,4520,900,2,0,SUI,10926,10,200000,9,0,1,1
843,843,2014,BEL,53035,1159,1200,5,0,USA,63594,33101,10000,15,0,1,1
844,844,2014,FRA,46984,6528,550,10,0,GER,10926,10,200000,1,0,-1,-1
845,845,2014,BRA,14836,21256,450,7,1,COL,14932,5089,200000,4,0,1,1
846,846,2014,ARG,20771,4520,900,2,0,BEL,53035,1159,1200,5,0,1,1
847,847,2014,NED,10926,10,200000,3,0,CRC,10926,10,200000,16,0,0,0
848,848,2014,BRA,14836,21256,450,7,1,GER,10926,10,200000,1,0,-6,-1
849,849,2014,NED,10926,10,200000,3,0,ARG,20771,4520,900,2,0,0,0
850,850,2014,BRA,14836,21256,450,7,1,NED,10926,10,200000,3,0,-3,-1
851,851,2014,GER,10926,10,200000,1,0,ARG,20771,4520,900,2,0,1,1
