,Year,home_team,home_gdp,home_population,home_oddset,home_fifa_rank,home_host,away_team,away_gdp,away_population,away_oddset,away_fifa_rank,away_host,home_goal,away_goal,win_point,result
0,1930,FRA,46984,6528,550,2,0,MEX,18445,12894,15000,11,0,4,1,3,1
1,1930,USA,63594,33101,10000,20,0,BEL,53035,1159,1200,1,0,3,0,3,1
2,1930,ROU,32117,1924,200000,43,0,PER,11879,3298,20000,27,0,3,1,2,1
3,1930,ARG,20771,4520,900,8,0,FRA,46984,6528,550,2,0,1,0,1,1
4,1930,ARG,20771,4520,900,8,0,MEX,18445,12894,15000,11,0,6,3,3,1
5,1930,BRA,14836,21256,450,3,0,BOL,8276,1168,200000,81,0,4,0,4,1
6,1930,ARG,20771,4520,900,8,0,USA,63594,33101,10000,20,0,6,1,5,1
7,1934,AUT,55684,901,200000,23,0,FRA,46984,6528,550,2,0,3,2,1,1
8,1934,HUN,33078,967,200000,37,0,EGY,12608,10234,200000,46,0,4,2,2,1
9,1934,SWE,55038,1010,200000,18,0,ARG,20771,4520,900,8,0,3,2,1,1
10,1934,ESP,37766,4676,800,6,0,BRA,14836,21256,450,3,0,3,1,2,1
11,1934,ITA,41829,6047,200000,7,1,USA,63594,33101,10000,20,0,7,1,6,1
12,1934,ITA,41829,6047,200000,7,1,ESP,37766,4676,800,6,0,1,1,0,0
13,1934,AUT,55684,901,200000,23,0,HUN,33078,967,200000,37,0,2,1,1,1
14,1934,ITA,41829,6047,200000,7,1,ESP,37766,4676,800,6,0,1,0,1,1
15,1934,ITA,41829,6047,200000,7,1,AUT,55684,901,200000,23,0,1,0,1,1
16,1938,FRA,46984,6528,550,2,1,BEL,53035,1159,1200,1,0,3,1,2,1
17,1938,ITA,41829,6047,200000,7,0,NOR,62645,543,200000,42,0,2,1,1,1
18,1938,BRA,14836,21256,450,3,0,POL,34241,3785,12500,21,0,6,5,1,1
19,1938,ITA,41829,6047,200000,7,0,FRA,46984,6528,550,2,1,3,1,2,1
20,1938,HUN,33078,967,200000,37,0,SWE,55038,1010,200000,18,0,5,1,4,1
21,1938,ITA,41829,6047,200000,7,0,BRA,14836,21256,450,3,0,2,1,1,1
22,1938,BRA,14836,21256,450,3,0,SWE,55038,1010,200000,18,0,4,2,2,1
23,1938,ITA,41829,6047,200000,7,0,HUN,33078,967,200000,37,0,4,2,2,1
24,1950,BRA,14836,21256,450,3,1,MEX,18445,12894,15000,11,0,4,0,4,1
25,1950,ESP,37766,4676,800,6,0,USA,63594,33101,10000,20,0,3,1,2,1
26,1950,SWE,55038,1010,200000,18,0,ITA,41829,6047,200000,7,0,3,2,1,1
27,1950,BRA,14836,21256,450,3,1,SWE,55038,1010,200000,18,0,7,1,6,1
28,1950,BRA,14836,21256,450,3,1,ESP,37766,4676,800,6,0,6,1,5,1
29,1950,SWE,55038,1010,200000,18,0,ESP,37766,4676,800,6,0,3,1,2,1
30,1954,BRA,14836,21256,450,3,0,MEX,18445,12894,15000,11,0,5,0,5,1
31,1954,HUN,33078,967,200000,37,0,KOR,45275,5127,25000,39,0,9,0,9,1
32,1954,FRA,46984,6528,550,2,0,MEX,18445,12894,15000,11,0,3,2,1,1
33,1954,TUR,27236,8434,200000,29,0,KOR,45275,5127,25000,39,0,7,0,7,1
34,1954,ITA,41829,6047,200000,7,0,BEL,53035,1159,1200,1,0,4,1,3,1
35,1954,HUN,33078,967,200000,37,0,BRA,14836,21256,450,3,0,4,2,2,1
36,1958,SWE,55038,1010,200000,18,1,MEX,18445,12894,15000,11,0,3,0,3,1
37,1958,BRA,14836,21256,450,3,0,AUT,55684,901,200000,23,0,3,0,3,1
38,1958,SWE,55038,1010,200000,18,1,HUN,33078,967,200000,37,0,2,1,1,1
39,1958,HUN,33078,967,200000,37,0,MEX,18445,12894,15000,11,0,4,0,4,1
40,1958,BRA,14836,21256,450,3,0,FRA,46984,6528,550,2,0,5,2,3,1
41,1958,BRA,14836,21256,450,3,0,SWE,55038,1010,200000,18,1,5,2,3,1
42,1962,BRA,14836,21256,450,3,0,MEX,18445,12894,15000,11,0,2,0,2,1
43,1962,ESP,37766,4676,800,6,0,MEX,18445,12894,15000,11,0,1,0,1,1
44,1962,BRA,14836,21256,450,3,0,ESP,37766,4676,800,6,0,2,1,1,1
45,1962,HUN,33078,967,200000,37,0,ARG,20771,4520,900,8,0,0,0,0,0
46,1966,FRA,46984,6528,550,2,0,MEX,18445,12894,15000,11,0,1,1,0,0
47,1966,ARG,20771,4520,900,8,0,ESP,37766,4676,800,6,0,2,1,1,1
48,1966,HUN,33078,967,200000,37,0,BRA,14836,21256,450,3,0,3,1,2,1
49,1970,ITA,41829,6047,200000,7,0,SWE,55038,1010,200000,18,0,1,0,1,1
50,1970,BEL,53035,1159,1200,1,0,SLV,8421,649,200000,69,0,3,0,3,1
51,1970,PER,11879,3298,20000,27,0,MAR,7370,3692,25000,34,0,3,0,3,1
52,1970,SWE,55038,1010,200000,18,0,ISR,39482,866,200000,85,0,1,1,0,0
53,1970,MEX,18445,12894,15000,11,1,SLV,8421,649,200000,69,0,4,0,4,1
54,1970,BRA,14836,21256,450,3,0,ROU,32117,1924,200000,43,0,3,2,1,1
55,1970,ITA,41829,6047,200000,7,0,ISR,39482,866,200000,85,0,0,0,0,0
56,1970,MEX,18445,12894,15000,11,1,BEL,53035,1159,1200,1,0,1,0,1,1
57,1970,ITA,41829,6047,200000,7,0,MEX,18445,12894,15000,11,1,4,1,3,1
58,1970,BRA,14836,21256,450,3,0,PER,11879,3298,20000,27,0,4,2,2,1
59,1970,BRA,14836,21256,450,3,0,ITA,41829,6047,200000,7,0,4,1,3,1
60,1974,POL,34241,3785,12500,21,0,ARG,20771,4520,900,8,0,3,2,1,1
61,1974,ARG,20771,4520,900,8,0,ITA,41829,6047,200000,7,0,1,1,0,0
62,1974,POL,34241,3785,12500,21,0,ITA,41829,6047,200000,7,0,2,1,1,1
63,1974,SWE,55038,1010,200000,18,0,POL,34241,3785,12500,21,0,0,1,-1,-1
64,1974,ARG,20771,4520,900,8,0,BRA,14836,21256,450,3,0,1,2,-1,-1
65,1974,BRA,14836,21256,450,3,0,POL,34241,3785,12500,21,0,0,1,-1,-1
66,1978,ITA,41829,6047,200000,7,0,FRA,46984,6528,550,2,0,2,1,1,1
67,1978,TUN,10823,1182,35000,26,0,MEX,18445,12894,15000,11,0,3,1,2,1
68,1978,ARG,20771,4520,900,8,1,HUN,33078,967,200000,37,0,2,1,1,1
69,1978,SWE,55038,1010,200000,18,0,BRA,14836,21256,450,3,0,1,1,0,0
70,1978,AUT,55684,901,200000,23,0,ESP,37766,4676,800,6,0,2,1,1,1
71,1978,ITA,41829,6047,200000,7,0,HUN,33078,967,200000,37,0,3,1,2,1
72,1978,POL,34241,3785,12500,21,0,TUN,10823,1182,35000,26,0,1,0,1,1
73,1978,ARG,20771,4520,900,8,1,FRA,46984,6528,550,2,0,2,1,1,1
74,1978,BRA,14836,21256,450,3,0,ESP,37766,4676,800,6,0,0,0,0,0
75,1978,AUT,55684,901,200000,23,0,SWE,55038,1010,200000,18,0,1,0,1,1
76,1978,FRA,46984,6528,550,2,0,HUN,33078,967,200000,37,0,3,1,2,1
77,1978,POL,34241,3785,12500,21,0,MEX,18445,12894,15000,11,0,3,1,2,1
78,1978,ITA,41829,6047,200000,7,0,ARG,20771,4520,900,8,1,1,0,1,1
79,1978,BRA,14836,21256,450,3,0,AUT,55684,901,200000,23,0,1,0,1,1
80,1978,ESP,37766,4676,800,6,0,SWE,55038,1010,200000,18,0,1,0,1,1
81,1978,PER,11879,3298,20000,27,0,IRN,13339,8400,50000,31,0,4,1,3,1
82,1978,BRA,14836,21256,450,3,0,PER,11879,3298,20000,27,0,3,0,3,1
83,1978,ARG,20771,4520,900,8,1,POL,34241,3785,12500,21,0,2,0,2,1
84,1978,POL,34241,3785,12500,21,0,PER,11879,3298,20000,27,0,1,0,1,1
85,1978,ITA,41829,6047,200000,7,0,AUT,55684,901,200000,23,0,1,0,1,1
86,1978,ARG,20771,4520,900,8,1,BRA,14836,21256,450,3,0,0,0,0,0
87,1978,BRA,14836,21256,450,3,0,POL,34241,3785,12500,21,0,3,1,2,1
88,1978,ARG,20771,4520,900,8,1,PER,11879,3298,20000,27,0,6,0,6,1
89,1978,BRA,14836,21256,450,3,0,ITA,41829,6047,200000,7,0,2,1,1,1
90,1982,ARG,20771,4520,900,8,0,BEL,53035,1159,1200,1,0,0,1,-1,-1
91,1982,ITA,41829,6047,200000,7,0,POL,34241,3785,12500,21,0,0,0,0,0
92,1982,PER,11879,3298,20000,27,0,CMR,3868,2655,20000,55,0,0,0,0,0
93,1982,HUN,33078,967,200000,37,0,SLV,8421,649,200000,69,0,10,1,9,1
94,1982,ITA,41829,6047,200000,7,0,PER,11879,3298,20000,27,0,1,1,0,0
95,1982,ARG,20771,4520,900,8,0,HUN,33078,967,200000,37,0,4,1,3,1
96,1982,POL,34241,3785,12500,21,0,CMR,3868,2655,20000,55,0,0,0,0,0
97,1982,BEL,53035,1159,1200,1,0,SLV,8421,649,200000,69,0,1,0,1,1
98,1982,POL,34241,3785,12500,21,0,PER,11879,3298,20000,27,0,5,1,4,1
99,1982,BEL,53035,1159,1200,1,0,HUN,33078,967,200000,37,0,1,1,0,0
100,1982,ITA,41829,6047,200000,7,0,CMR,3868,2655,20000,55,0,1,1,0,0
101,1982,ARG,20771,4520,900,8,0,SLV,8421,649,200000,69,0,2,0,2,1
102,1982,BRA,14836,21256,450,3,0,NZL,44492,483,200000,122,0,4,0,4,1
103,1982,AUT,55684,901,200000,23,0,FRA,46984,6528,550,2,0,0,1,-1,-1
104,1982,POL,34241,3785,12500,21,0,BEL,53035,1159,1200,1,0,3,0,3,1
105,1982,ITA,41829,6047,200000,7,0,ARG,20771,4520,900,8,0,2,1,1,1
106,1982,ARG,20771,4520,900,8,0,BRA,14836,21256,450,3,0,1,3,-2,-1
107,1982,ITA,41829,6047,200000,7,0,BRA,14836,21256,450,3,0,3,2,1,1
108,1982,POL,34241,3785,12500,21,0,ITA,41829,6047,200000,7,0,0,2,-2,-1
109,1982,POL,34241,3785,12500,21,0,FRA,46984,6528,550,2,0,3,2,1,1
110,1986,CAN,46612,3775,15000,70,0,FRA,46984,6528,550,2,0,0,1,-1,-1
111,1986,ESP,37766,4676,800,6,0,BRA,14836,21256,450,3,0,0,1,-1,-1
112,1986,ARG,20771,4520,900,8,0,KOR,45275,5127,25000,39,0,3,1,2,1
113,1986,MAR,7370,3692,25000,34,0,POL,34241,3785,12500,21,0,0,0,0,0
114,1986,BEL,53035,1159,1200,1,0,MEX,18445,12894,15000,11,1,1,2,-1,-1
115,1986,ITA,41829,6047,200000,7,0,ARG,20771,4520,900,8,0,1,1,0,0
116,1986,HUN,33078,967,200000,37,0,CAN,46612,3775,15000,70,0,2,0,2,1
117,1986,IRQ,9507,4023,200000,68,0,BEL,53035,1159,1200,1,0,1,2,-1,-1
118,1986,HUN,33078,967,200000,37,0,FRA,46984,6528,550,2,0,0,3,-3,-1
119,1986,KOR,45275,5127,25000,39,0,ITA,41829,6047,200000,7,0,2,3,-1,-1
120,1986,IRQ,9507,4023,200000,68,0,MEX,18445,12894,15000,11,1,0,1,-1,-1
121,1986,BRA,14836,21256,450,3,0,POL,34241,3785,12500,21,0,4,0,4,1
122,1986,ITA,41829,6047,200000,7,0,FRA,46984,6528,550,2,0,0,2,-2,-1
123,1986,BRA,14836,21256,450,3,0,FRA,46984,6528,550,2,0,1,1,0,0
124,1986,ESP,37766,4676,800,6,0,BEL,53035,1159,1200,1,0,1,1,0,0
125,1986,ARG,20771,4520,900,8,0,BEL,53035,1159,1200,1,0,2,0,2,1
126,1986,FRA,46984,6528,550,2,0,BEL,53035,1159,1200,1,0,4,2,2,1
127,1990,ARG,20771,4520,900,8,0,CMR,3868,2655,20000,55,0,0,1,-1,-1
128,1990,ITA,41829,6047,200000,7,1,AUT,55684,901,200000,23,0,1,0,1,1
129,1990,BRA,14836,21256,450,3,0,SWE,55038,1010,200000,18,0,2,1,1,1
130,1990,BEL,53035,1159,1200,1,0,KOR,45275,5127,25000,39,0,2,0,2,1
131,1990,CMR,3868,2655,20000,55,0,ROU,32117,1924,200000,43,0,2,1,1,1
132,1990,ITA,41829,6047,200000,7,1,USA,63594,33101,10000,20,0,1,0,1,1
133,1990,IRL,93181,494,200000,47,0,EGY,12608,10234,200000,46,0,0,0,0,0
134,1990,KOR,45275,5127,25000,39,0,ESP,37766,4676,800,6,0,1,3,-2,-1
135,1990,ARG,20771,4520,900,8,0,ROU,32117,1924,200000,43,0,1,1,0,0
136,1990,AUT,55684,901,200000,23,0,USA,63594,33101,10000,20,0,2,1,1,1
137,1990,BEL,53035,1159,1200,1,0,ESP,37766,4676,800,6,0,1,2,-1,-1
138,1990,CMR,3868,2655,20000,55,0,COL,14932,5089,200000,15,0,2,1,1,1
139,1990,BRA,14836,21256,450,3,0,ARG,20771,4520,900,8,0,0,1,-1,-1
140,1990,IRL,93181,494,200000,47,0,ROU,32117,1924,200000,43,0,0,0,0,0
141,1990,ITA,41829,6047,200000,7,1,IRL,93181,494,200000,47,0,1,0,1,1
142,1990,ITA,41829,6047,200000,7,1,ARG,20771,4520,900,8,0,1,1,0,0
143,1994,ESP,37766,4676,800,6,0,KOR,45275,5127,25000,39,0,2,2,0,0
144,1994,ITA,41829,6047,200000,7,0,IRL,93181,494,200000,47,0,0,1,-1,-1
145,1994,COL,14932,5089,200000,15,0,ROU,32117,1924,200000,43,0,1,3,-2,-1
146,1994,BEL,53035,1159,1200,1,0,MAR,7370,3692,25000,34,0,1,0,1,1
147,1994,NOR,62645,543,200000,42,0,MEX,18445,12894,15000,11,0,1,0,1,1
148,1994,CMR,3868,2655,20000,55,0,SWE,55038,1010,200000,18,0,2,2,0,0
149,1994,BRA,14836,21256,450,3,0,RUS,29813,14594,200000,38,0,2,0,2,1
150,1994,USA,63594,33101,10000,20,1,COL,14932,5089,200000,15,0,2,1,1,1
151,1994,ITA,41829,6047,200000,7,0,NOR,62645,543,200000,42,0,1,0,1,1
152,1994,KOR,45275,5127,25000,39,0,BOL,8276,1168,200000,81,0,0,0,0,0
153,1994,MEX,18445,12894,15000,11,0,IRL,93181,494,200000,47,0,2,1,1,1
154,1994,SWE,55038,1010,200000,18,0,RUS,29813,14594,200000,38,0,3,1,2,1
155,1994,BRA,14836,21256,450,3,0,CMR,3868,2655,20000,55,0,3,0,3,1
156,1994,ARG,20771,4520,900,8,0,NGA,5187,20614,200000,32,0,2,1,1,1
157,1994,USA,63594,33101,10000,20,1,ROU,32117,1924,200000,43,0,0,1,-1,-1
158,1994,BOL,8276,1168,200000,81,0,ESP,37766,4676,800,6,0,1,3,-2,-1
159,1994,IRL,93181,494,200000,47,0,NOR,62645,543,200000,42,0,0,0,0,0
160,1994,BRA,14836,21256,450,3,0,SWE,55038,1010,200000,18,0,1,1,0,0
161,1994,ITA,41829,6047,200000,7,0,MEX,18445,12894,15000,11,0,1,1,0,0
162,1994,RUS,29813,14594,200000,38,0,CMR,3868,2655,20000,55,0,6,1,5,1
163,1994,ROU,32117,1924,200000,43,0,ARG,20771,4520,900,8,0,3,2,1,1
164,1994,BRA,14836,21256,450,3,0,USA,63594,33101,10000,20,1,1,0,1,1
165,1994,NGA,5187,20614,200000,32,0,ITA,41829,6047,200000,7,0,1,2,-1,-1
166,1994,ITA,41829,6047,200000,7,0,ESP,37766,4676,800,6,0,2,1,1,1
167,1994,ROU,32117,1924,200000,43,0,SWE,55038,1010,200000,18,0,2,2,0,0
168,1994,SWE,55038,1010,200000,18,0,BRA,14836,21256,450,3,0,0,1,-1,-1
169,1994,BRA,14836,21256,450,3,0,ITA,41829,6047,200000,7,0,0,0,0,0
170,1998,MAR,7370,3692,25000,34,0,NOR,62645,543,200000,42,0,2,2,0,0
171,1998,CMR,3868,2655,20000,55,0,AUT,55684,901,200000,23,0,1,1,0,0
172,1998,ESP,37766,4676,800,6,0,NGA,5187,20614,200000,32,0,2,3,-1,-1
173,1998,KOR,45275,5127,25000,39,0,MEX,18445,12894,15000,11,0,1,3,-2,-1
174,1998,ARG,20771,4520,900,8,0,JPN,42391,12648,25000,28,0,1,0,1,1
175,1998,ROU,32117,1924,200000,43,0,COL,14932,5089,200000,15,0,1,0,1,1
176,1998,BRA,14836,21256,450,3,0,MAR,7370,3692,25000,34,0,3,0,3,1
177,1998,ITA,41829,6047,200000,7,0,CMR,3868,2655,20000,55,0,3,0,3,1
178,1998,BEL,53035,1159,1200,1,0,MEX,18445,12894,15000,11,0,2,2,0,0
179,1998,ARG,20771,4520,900,8,0,JAM,9242,297,200000,45,0,5,0,5,1
180,1998,USA,63594,33101,10000,20,0,IRN,13339,8400,50000,31,0,1,2,-1,-1
181,1998,COL,14932,5089,200000,15,0,TUN,10823,1182,35000,26,0,1,0,1,1
182,1998,ITA,41829,6047,200000,7,0,AUT,55684,901,200000,23,0,2,1,1,1
183,1998,BRA,14836,21256,450,3,0,NOR,62645,543,200000,42,0,1,2,-1,-1
184,1998,BEL,53035,1159,1200,1,0,KOR,45275,5127,25000,39,0,1,1,0,0
185,1998,JPN,42391,12648,25000,28,0,JAM,9242,297,200000,45,0,1,2,-1,-1
186,1998,ROU,32117,1924,200000,43,0,TUN,10823,1182,35000,26,0,1,1,0,0
187,1998,ITA,41829,6047,200000,7,0,NOR,62645,543,200000,42,0,1,0,1,1
188,1998,ITA,41829,6047,200000,7,0,FRA,46984,6528,550,2,1,0,0,0,0
189,1998,BRA,14836,21256,450,3,0,FRA,46984,6528,550,2,1,0,3,-3,-1
190,2002,FRA,46984,6528,550,2,0,SEN,3503,1675,8000,22,0,0,1,-1,-1
191,2002,IRL,93181,494,200000,47,0,CMR,3868,2655,20000,55,0,1,1,0,0
192,2002,ARG,20771,4520,900,8,0,NGA,5187,20614,200000,32,0,1,0,1,1
193,2002,ESP,37766,4676,800,6,0,SVN,39769,208,200000,63,0,3,1,2,1
194,2002,BRA,14836,21256,450,3,0,TUR,27236,8434,200000,29,0,2,1,1,1
195,2002,ITA,41829,6047,200000,7,0,ECU,10896,1765,15000,53,0,2,0,2,1
196,2002,JPN,42391,12648,25000,28,1,BEL,53035,1159,1200,1,0,2,2,0,0
197,2002,KOR,45275,5127,25000,39,1,POL,34241,3785,12500,21,0,2,0,2,1
198,2002,RUS,29813,14594,200000,38,0,TUN,10823,1182,35000,26,0,2,0,2,1
199,2002,SWE,55038,1010,200000,18,0,NGA,5187,20614,200000,32,0,2,1,1,1
200,2002,BRA,14836,21256,450,3,0,CHN,17211,143933,200000,77,0,4,0,4,1
201,2002,JPN,42391,12648,25000,28,1,RUS,29813,14594,200000,38,0,1,0,1,1
202,2002,MEX,18445,12894,15000,11,0,ECU,10896,1765,15000,53,0,2,1,1,1
203,2002,KOR,45275,5127,25000,39,1,USA,63594,33101,10000,20,0,1,1,0,0
204,2002,TUN,10823,1182,35000,26,0,BEL,53035,1159,1200,1,0,1,1,0,0
205,2002,SWE,55038,1010,200000,18,0,ARG,20771,4520,900,8,0,1,1,0,0
206,2002,TUR,27236,8434,200000,29,0,CHN,17211,143933,200000,77,0,3,0,3,1
207,2002,MEX,18445,12894,15000,11,0,ITA,41829,6047,200000,7,0,1,1,0,0
208,2002,TUN,10823,1182,35000,26,0,JPN,42391,12648,25000,28,1,0,2,-2,-1
209,2002,POL,34241,3785,12500,21,0,USA,63594,33101,10000,20,0,3,1,2,1
210,2002,BEL,53035,1159,1200,1,0,RUS,29813,14594,200000,38,0,3,2,1,1
211,2002,ESP,37766,4676,800,6,0,IRL,93181,494,200000,47,0,1,1,0,0
212,2002,SWE,55038,1010,200000,18,0,SEN,3503,1675,8000,22,0,1,2,-1,-1
213,2002,BRA,14836,21256,450,3,0,BEL,53035,1159,1200,1,0,2,0,2,1
214,2002,MEX,18445,12894,15000,11,0,USA,63594,33101,10000,20,0,0,2,-2,-1
215,2002,JPN,42391,12648,25000,28,1,TUR,27236,8434,200000,29,0,0,1,-1,-1
216,2002,KOR,45275,5127,25000,39,1,ITA,41829,6047,200000,7,0,2,1,1,1
217,2002,SEN,3503,1675,8000,22,0,TUR,27236,8434,200000,29,0,0,1,-1,-1
218,2002,ESP,37766,4676,800,6,0,KOR,45275,5127,25000,39,1,0,0,0,0
219,2002,BRA,14836,21256,450,3,0,TUR,27236,8434,200000,29,0,1,0,1,1
220,2002,KOR,45275,5127,25000,39,1,TUR,27236,8434,200000,29,0,2,3,-1,-1
221,2006,POL,34241,3785,12500,21,0,ECU,10896,1765,15000,53,0,0,2,-2,-1
222,2006,ARG,20771,4520,900,8,0,CIV,5466,2638,200000,59,0,2,1,1,1
223,2006,MEX,18445,12894,15000,11,0,IRN,13339,8400,50000,31,0,3,1,2,1
224,2006,AUS,53330,2550,50000,41,0,JPN,42391,12648,25000,28,0,3,1,2,1
225,2006,USA,63594,33101,10000,20,0,CZE,41604,1071,200000,40,0,0,3,-3,-1
226,2006,ITA,41829,6047,200000,7,0,GHA,5745,3108,25000,49,0,2,0,2,1
227,2006,ESP,37766,4676,800,6,0,UKR,13055,4374,25000,24,0,4,0,4,1
228,2006,CZE,41604,1071,200000,40,0,GHA,5745,3108,25000,49,0,0,2,-2,-1
229,2006,ITA,41829,6047,200000,7,0,USA,63594,33101,10000,20,0,1,1,0,0
230,2006,BRA,14836,21256,450,3,0,AUS,53330,2550,50000,41,0,2,0,2,1
231,2006,FRA,46984,6528,550,2,0,KOR,45275,5127,25000,39,0,1,1,0,0
232,2006,ESP,37766,4676,800,6,0,TUN,10823,1182,35000,26,0,3,1,2,1
233,2006,CZE,41604,1071,200000,40,0,ITA,41829,6047,200000,7,0,0,2,-2,-1
234,2006,GHA,5745,3108,25000,49,0,USA,63594,33101,10000,20,0,2,1,1,1
235,2006,JPN,42391,12648,25000,28,0,BRA,14836,21256,450,3,0,1,4,-3,-1
236,2006,UKR,13055,4374,25000,24,0,TUN,10823,1182,35000,26,0,1,0,1,1
237,2006,ARG,20771,4520,900,8,0,MEX,18445,12894,15000,11,0,2,1,1,1
238,2006,ITA,41829,6047,200000,7,0,AUS,53330,2550,50000,41,0,1,0,1,1
239,2006,BRA,14836,21256,450,3,0,GHA,5745,3108,25000,49,0,3,0,3,1
240,2006,ESP,37766,4676,800,6,0,FRA,46984,6528,550,2,0,1,3,-2,-1
241,2006,ITA,41829,6047,200000,7,0,UKR,13055,4374,25000,24,0,3,0,3,1
242,2006,BRA,14836,21256,450,3,0,FRA,46984,6528,550,2,0,0,1,-1,-1
243,2006,ITA,41829,6047,200000,7,0,FRA,46984,6528,550,2,0,1,1,0,0
244,2010,ARG,20771,4520,900,8,0,NGA,5187,20614,200000,32,0,1,0,1,1
245,2010,SRB,19108,874,15000,25,0,GHA,5745,3108,25000,49,0,0,1,-1,-1
246,2010,JPN,42391,12648,25000,28,0,CMR,3868,2655,20000,55,0,1,0,1,1
247,2010,NZL,44492,483,200000,122,0,SVK,31357,546,200000,36,0,1,1,0,0
248,2010,ARG,20771,4520,900,8,0,KOR,45275,5127,25000,39,0,4,1,3,1
249,2010,FRA,46984,6528,550,2,0,MEX,18445,12894,15000,11,0,0,2,-2,-1
250,2010,SVN,39769,208,200000,63,0,USA,63594,33101,10000,20,0,2,2,0,0
251,2010,GHA,5745,3108,25000,49,0,AUS,53330,2550,50000,41,0,1,1,0,0
252,2010,ITA,41829,6047,200000,7,0,NZL,44492,483,200000,122,0,1,1,0,0
253,2010,BRA,14836,21256,450,3,0,CIV,5466,2638,200000,59,0,3,1,2,1
254,2010,NGA,5187,20614,200000,32,0,KOR,45275,5127,25000,39,0,2,2,0,0
255,2010,AUS,53330,2550,50000,41,0,SRB,19108,874,15000,25,0,2,1,1,1
256,2010,SVK,31357,546,200000,36,0,ITA,41829,6047,200000,7,0,3,2,1,1
257,2010,USA,63594,33101,10000,20,0,GHA,5745,3108,25000,49,0,1,2,-1,-1
258,2010,ARG,20771,4520,900,8,0,MEX,18445,12894,15000,11,0,3,1,2,1
259,2014,MEX,18445,12894,15000,11,0,CMR,3868,2655,20000,55,0,1,0,1,1
260,2014,CIV,5466,2638,200000,59,0,JPN,42391,12648,25000,28,0,2,1,1,1
261,2014,ARG,20771,4520,900,8,0,BIH,15624,329,200000,55,0,2,1,1,1
262,2014,IRN,13339,8400,50000,31,0,NGA,5187,20614,200000,32,0,0,0,0,0
263,2014,GHA,5745,3108,25000,49,0,USA,63594,33101,10000,20,0,1,2,-1,-1
264,2014,BRA,14836,21256,450,3,1,MEX,18445,12894,15000,11,0,0,0,0,0
265,2014,RUS,29813,14594,200000,38,0,KOR,45275,5127,25000,39,0,1,1,0,0
266,2014,COL,14932,5089,200000,15,0,CIV,5466,2638,200000,59,0,2,1,1,1
267,2014,ARG,20771,4520,900,8,0,IRN,13339,8400,50000,31,0,1,0,1,1
268,2014,NGA,5187,20614,200000,32,0,BIH,15624,329,200000,55,0,1,0,1,1
269,2014,BEL,53035,1159,1200,1,0,RUS,29813,14594,200000,38,0,1,0,1,1
270,2014,AUS,53330,2550,50000,41,0,ESP,37766,4676,800,6,0,0,3,-3,-1
271,2014,CMR,3868,2655,20000,55,0,BRA,14836,21256,450,3,1,1,4,-3,-1
272,2014,JPN,42391,12648,25000,28,0,COL,14932,5089,200000,15,0,1,4,-3,-1
273,2014,NGA,5187,20614,200000,32,0,ARG,20771,4520,900,8,0,2,3,-1,-1
274,2014,BIH,15624,329,200000,55,0,IRN,13339,8400,50000,31,0,3,1,2,1
275,2014,ECU,10896,1765,15000,53,0,FRA,46984,6528,550,2,0,0,0,0,0
276,2014,KOR,45275,5127,25000,39,0,BEL,53035,1159,1200,1,0,0,1,-1,-1
277,2014,FRA,46984,6528,550,2,0,NGA,5187,20614,200000,32,0,2,0,2,1
278,2014,BRA,14836,21256,450,3,1,COL,14932,5089,200000,15,0,2,1,1,1
279,2014,ARG,20771,4520,900,8,0,BEL,53035,1159,1200,1,0,1,0,1,1
280,2014,BEL,53035,1159,1200,1,0,USA,63594,33101,10000,20,0,2,1,1,1
281,2014,FRA,46984,6528,550,2,0,NGA,5187,20614,200000,32,0,2,0,2,1
282,2014,BEL,53035,1159,1200,1,0,USA,63594,33101,10000,20,0,2,1,1,1
283,2014,BRA,14836,21256,450,3,1,COL,14932,5089,200000,15,0,2,1,1,1
284,2014,ARG,20771,4520,900,8,0,BEL,53035,1159,1200,1,0,1,0,1,1
285,1930,MEX,18445,12894,15000,11,0,FRA,46984,6528,550,2,0,1,4,-3,-1
286,1930,BEL,53035,1159,1200,1,0,USA,63594,33101,10000,20,0,0,3,-3,-1
287,1930,PER,11879,3298,20000,27,0,ROU,32117,1924,200000,43,0,1,3,-2,-1
288,1930,FRA,46984,6528,550,2,0,ARG,20771,4520,900,8,0,0,1,-1,-1
289,1930,MEX,18445,12894,15000,11,0,ARG,20771,4520,900,8,0,3,6,-3,-1
290,1930,BOL,8276,1168,200000,81,0,BRA,14836,21256,450,3,0,0,4,-4,-1
291,1930,USA,63594,33101,10000,20,0,ARG,20771,4520,900,8,0,1,6,-5,-1
292,1934,FRA,46984,6528,550,2,0,AUT,55684,901,200000,23,0,2,3,-1,-1
293,1934,EGY,12608,10234,200000,46,0,HUN,33078,967,200000,37,0,2,4,-2,-1
294,1934,ARG,20771,4520,900,8,0,SWE,55038,1010,200000,18,0,2,3,-1,-1
295,1934,BRA,14836,21256,450,3,0,ESP,37766,4676,800,6,0,1,3,-2,-1
296,1934,USA,63594,33101,10000,20,0,ITA,41829,6047,200000,7,1,1,7,-6,-1
297,1934,ESP,37766,4676,800,6,0,ITA,41829,6047,200000,7,1,1,1,0,0
298,1934,HUN,33078,967,200000,37,0,AUT,55684,901,200000,23,0,1,2,-1,-1
299,1934,ESP,37766,4676,800,6,0,ITA,41829,6047,200000,7,1,0,1,-1,-1
300,1934,AUT,55684,901,200000,23,0,ITA,41829,6047,200000,7,1,0,1,-1,-1
301,1938,BEL,53035,1159,1200,1,0,FRA,46984,6528,550,2,1,1,3,-2,-1
302,1938,NOR,62645,543,200000,42,0,ITA,41829,6047,200000,7,0,1,2,-1,-1
303,1938,POL,34241,3785,12500,21,0,BRA,14836,21256,450,3,0,5,6,-1,-1
304,1938,FRA,46984,6528,550,2,1,ITA,41829,6047,200000,7,0,1,3,-2,-1
305,1938,SWE,55038,1010,200000,18,0,HUN,33078,967,200000,37,0,1,5,-4,-1
306,1938,BRA,14836,21256,450,3,0,ITA,41829,6047,200000,7,0,1,2,-1,-1
307,1938,SWE,55038,1010,200000,18,0,BRA,14836,21256,450,3,0,2,4,-2,-1
308,1938,HUN,33078,967,200000,37,0,ITA,41829,6047,200000,7,0,2,4,-2,-1
309,1950,MEX,18445,12894,15000,11,0,BRA,14836,21256,450,3,1,0,4,-4,-1
310,1950,USA,63594,33101,10000,20,0,ESP,37766,4676,800,6,0,1,3,-2,-1
311,1950,ITA,41829,6047,200000,7,0,SWE,55038,1010,200000,18,0,2,3,-1,-1
312,1950,SWE,55038,1010,200000,18,0,BRA,14836,21256,450,3,1,1,7,-6,-1
313,1950,ESP,37766,4676,800,6,0,BRA,14836,21256,450,3,1,1,6,-5,-1
314,1950,ESP,37766,4676,800,6,0,SWE,55038,1010,200000,18,0,1,3,-2,-1
315,1954,MEX,18445,12894,15000,11,0,BRA,14836,21256,450,3,0,0,5,-5,-1
316,1954,KOR,45275,5127,25000,39,0,HUN,33078,967,200000,37,0,0,9,-9,-1
317,1954,MEX,18445,12894,15000,11,0,FRA,46984,6528,550,2,0,2,3,-1,-1
318,1954,KOR,45275,5127,25000,39,0,TUR,27236,8434,200000,29,0,0,7,-7,-1
319,1954,BEL,53035,1159,1200,1,0,ITA,41829,6047,200000,7,0,1,4,-3,-1
320,1954,BRA,14836,21256,450,3,0,HUN,33078,967,200000,37,0,2,4,-2,-1
321,1958,MEX,18445,12894,15000,11,0,SWE,55038,1010,200000,18,1,0,3,-3,-1
322,1958,AUT,55684,901,200000,23,0,BRA,14836,21256,450,3,0,0,3,-3,-1
323,1958,HUN,33078,967,200000,37,0,SWE,55038,1010,200000,18,1,1,2,-1,-1
324,1958,MEX,18445,12894,15000,11,0,HUN,33078,967,200000,37,0,0,4,-4,-1
325,1958,FRA,46984,6528,550,2,0,BRA,14836,21256,450,3,0,2,5,-3,-1
326,1958,SWE,55038,1010,200000,18,1,BRA,14836,21256,450,3,0,2,5,-3,-1
327,1962,MEX,18445,12894,15000,11,0,BRA,14836,21256,450,3,0,0,2,-2,-1
328,1962,MEX,18445,12894,15000,11,0,ESP,37766,4676,800,6,0,0,1,-1,-1
329,1962,ESP,37766,4676,800,6,0,BRA,14836,21256,450,3,0,1,2,-1,-1
330,1962,ARG,20771,4520,900,8,0,HUN,33078,967,200000,37,0,0,0,0,0
331,1966,MEX,18445,12894,15000,11,0,FRA,46984,6528,550,2,0,1,1,0,0
332,1966,ESP,37766,4676,800,6,0,ARG,20771,4520,900,8,0,1,2,-1,-1
333,1966,BRA,14836,21256,450,3,0,HUN,33078,967,200000,37,0,1,3,-2,-1
334,1970,SWE,55038,1010,200000,18,0,ITA,41829,6047,200000,7,0,0,1,-1,-1
335,1970,SLV,8421,649,200000,69,0,BEL,53035,1159,1200,1,0,0,3,-3,-1
336,1970,MAR,7370,3692,25000,34,0,PER,11879,3298,20000,27,0,0,3,-3,-1
337,1970,ISR,39482,866,200000,85,0,SWE,55038,1010,200000,18,0,1,1,0,0
338,1970,SLV,8421,649,200000,69,0,MEX,18445,12894,15000,11,1,0,4,-4,-1
339,1970,ROU,32117,1924,200000,43,0,BRA,14836,21256,450,3,0,2,3,-1,-1
340,1970,ISR,39482,866,200000,85,0,ITA,41829,6047,200000,7,0,0,0,0,0
341,1970,BEL,53035,1159,1200,1,0,MEX,18445,12894,15000,11,1,0,1,-1,-1
342,1970,MEX,18445,12894,15000,11,1,ITA,41829,6047,200000,7,0,1,4,-3,-1
343,1970,PER,11879,3298,20000,27,0,BRA,14836,21256,450,3,0,2,4,-2,-1
344,1970,ITA,41829,6047,200000,7,0,BRA,14836,21256,450,3,0,1,4,-3,-1
345,1974,ARG,20771,4520,900,8,0,POL,34241,3785,12500,21,0,2,3,-1,-1
346,1974,ITA,41829,6047,200000,7,0,ARG,20771,4520,900,8,0,1,1,0,0
347,1974,ITA,41829,6047,200000,7,0,POL,34241,3785,12500,21,0,1,2,-1,-1
348,1974,POL,34241,3785,12500,21,0,SWE,55038,1010,200000,18,0,1,0,1,1
349,1974,BRA,14836,21256,450,3,0,ARG,20771,4520,900,8,0,2,1,1,1
350,1974,POL,34241,3785,12500,21,0,BRA,14836,21256,450,3,0,1,0,1,1
351,1978,FRA,46984,6528,550,2,0,ITA,41829,6047,200000,7,0,1,2,-1,-1
352,1978,MEX,18445,12894,15000,11,0,TUN,10823,1182,35000,26,0,1,3,-2,-1
353,1978,HUN,33078,967,200000,37,0,ARG,20771,4520,900,8,1,1,2,-1,-1
354,1978,BRA,14836,21256,450,3,0,SWE,55038,1010,200000,18,0,1,1,0,0
355,1978,ESP,37766,4676,800,6,0,AUT,55684,901,200000,23,0,1,2,-1,-1
356,1978,HUN,33078,967,200000,37,0,ITA,41829,6047,200000,7,0,1,3,-2,-1
357,1978,TUN,10823,1182,35000,26,0,POL,34241,3785,12500,21,0,0,1,-1,-1
358,1978,FRA,46984,6528,550,2,0,ARG,20771,4520,900,8,1,1,2,-1,-1
359,1978,ESP,37766,4676,800,6,0,BRA,14836,21256,450,3,0,0,0,0,0
360,1978,SWE,55038,1010,200000,18,0,AUT,55684,901,200000,23,0,0,1,-1,-1
361,1978,HUN,33078,967,200000,37,0,FRA,46984,6528,550,2,0,1,3,-2,-1
362,1978,MEX,18445,12894,15000,11,0,POL,34241,3785,12500,21,0,1,3,-2,-1
363,1978,ARG,20771,4520,900,8,1,ITA,41829,6047,200000,7,0,0,1,-1,-1
364,1978,AUT,55684,901,200000,23,0,BRA,14836,21256,450,3,0,0,1,-1,-1
365,1978,SWE,55038,1010,200000,18,0,ESP,37766,4676,800,6,0,0,1,-1,-1
366,1978,IRN,13339,8400,50000,31,0,PER,11879,3298,20000,27,0,1,4,-3,-1
367,1978,PER,11879,3298,20000,27,0,BRA,14836,21256,450,3,0,0,3,-3,-1
368,1978,POL,34241,3785,12500,21,0,ARG,20771,4520,900,8,1,0,2,-2,-1
369,1978,PER,11879,3298,20000,27,0,POL,34241,3785,12500,21,0,0,1,-1,-1
370,1978,AUT,55684,901,200000,23,0,ITA,41829,6047,200000,7,0,0,1,-1,-1
371,1978,BRA,14836,21256,450,3,0,ARG,20771,4520,900,8,1,0,0,0,0
372,1978,POL,34241,3785,12500,21,0,BRA,14836,21256,450,3,0,1,3,-2,-1
373,1978,PER,11879,3298,20000,27,0,ARG,20771,4520,900,8,1,0,6,-6,-1
374,1978,ITA,41829,6047,200000,7,0,BRA,14836,21256,450,3,0,1,2,-1,-1
375,1982,BEL,53035,1159,1200,1,0,ARG,20771,4520,900,8,0,1,0,1,1
376,1982,POL,34241,3785,12500,21,0,ITA,41829,6047,200000,7,0,0,0,0,0
377,1982,CMR,3868,2655,20000,55,0,PER,11879,3298,20000,27,0,0,0,0,0
378,1982,SLV,8421,649,200000,69,0,HUN,33078,967,200000,37,0,1,10,-9,-1
379,1982,PER,11879,3298,20000,27,0,ITA,41829,6047,200000,7,0,1,1,0,0
380,1982,HUN,33078,967,200000,37,0,ARG,20771,4520,900,8,0,1,4,-3,-1
381,1982,CMR,3868,2655,20000,55,0,POL,34241,3785,12500,21,0,0,0,0,0
382,1982,SLV,8421,649,200000,69,0,BEL,53035,1159,1200,1,0,0,1,-1,-1
383,1982,PER,11879,3298,20000,27,0,POL,34241,3785,12500,21,0,1,5,-4,-1
384,1982,HUN,33078,967,200000,37,0,BEL,53035,1159,1200,1,0,1,1,0,0
385,1982,CMR,3868,2655,20000,55,0,ITA,41829,6047,200000,7,0,1,1,0,0
386,1982,SLV,8421,649,200000,69,0,ARG,20771,4520,900,8,0,0,2,-2,-1
387,1982,NZL,44492,483,200000,122,0,BRA,14836,21256,450,3,0,0,4,-4,-1
388,1982,FRA,46984,6528,550,2,0,AUT,55684,901,200000,23,0,1,0,1,1
389,1982,BEL,53035,1159,1200,1,0,POL,34241,3785,12500,21,0,0,3,-3,-1
390,1982,ARG,20771,4520,900,8,0,ITA,41829,6047,200000,7,0,1,2,-1,-1
391,1982,BRA,14836,21256,450,3,0,ARG,20771,4520,900,8,0,3,1,2,1
392,1982,BRA,14836,21256,450,3,0,ITA,41829,6047,200000,7,0,2,3,-1,-1
393,1982,ITA,41829,6047,200000,7,0,POL,34241,3785,12500,21,0,2,0,2,1
394,1982,FRA,46984,6528,550,2,0,POL,34241,3785,12500,21,0,2,3,-1,-1
395,1986,FRA,46984,6528,550,2,0,CAN,46612,3775,15000,70,0,1,0,1,1
396,1986,BRA,14836,21256,450,3,0,ESP,37766,4676,800,6,0,1,0,1,1
397,1986,KOR,45275,5127,25000,39,0,ARG,20771,4520,900,8,0,1,3,-2,-1
398,1986,POL,34241,3785,12500,21,0,MAR,7370,3692,25000,34,0,0,0,0,0
399,1986,MEX,18445,12894,15000,11,1,BEL,53035,1159,1200,1,0,2,1,1,1
400,1986,ARG,20771,4520,900,8,0,ITA,41829,6047,200000,7,0,1,1,0,0
401,1986,CAN,46612,3775,15000,70,0,HUN,33078,967,200000,37,0,0,2,-2,-1
402,1986,BEL,53035,1159,1200,1,0,IRQ,9507,4023,200000,68,0,2,1,1,1
403,1986,FRA,46984,6528,550,2,0,HUN,33078,967,200000,37,0,3,0,3,1
404,1986,ITA,41829,6047,200000,7,0,KOR,45275,5127,25000,39,0,3,2,1,1
405,1986,MEX,18445,12894,15000,11,1,IRQ,9507,4023,200000,68,0,1,0,1,1
406,1986,POL,34241,3785,12500,21,0,BRA,14836,21256,450,3,0,0,4,-4,-1
407,1986,FRA,46984,6528,550,2,0,ITA,41829,6047,200000,7,0,2,0,2,1
408,1986,FRA,46984,6528,550,2,0,BRA,14836,21256,450,3,0,1,1,0,0
409,1986,BEL,53035,1159,1200,1,0,ESP,37766,4676,800,6,0,1,1,0,0
410,1986,BEL,53035,1159,1200,1,0,ARG,20771,4520,900,8,0,0,2,-2,-1
411,1986,BEL,53035,1159,1200,1,0,FRA,46984,6528,550,2,0,2,4,-2,-1
412,1990,CMR,3868,2655,20000,55,0,ARG,20771,4520,900,8,0,1,0,1,1
413,1990,AUT,55684,901,200000,23,0,ITA,41829,6047,200000,7,1,0,1,-1,-1
414,1990,SWE,55038,1010,200000,18,0,BRA,14836,21256,450,3,0,1,2,-1,-1
415,1990,KOR,45275,5127,25000,39,0,BEL,53035,1159,1200,1,0,0,2,-2,-1
416,1990,ROU,32117,1924,200000,43,0,CMR,3868,2655,20000,55,0,1,2,-1,-1
417,1990,USA,63594,33101,10000,20,0,ITA,41829,6047,200000,7,1,0,1,-1,-1
418,1990,EGY,12608,10234,200000,46,0,IRL,93181,494,200000,47,0,0,0,0,0
419,1990,ESP,37766,4676,800,6,0,KOR,45275,5127,25000,39,0,3,1,2,1
420,1990,ROU,32117,1924,200000,43,0,ARG,20771,4520,900,8,0,1,1,0,0
421,1990,USA,63594,33101,10000,20,0,AUT,55684,901,200000,23,0,1,2,-1,-1
422,1990,ESP,37766,4676,800,6,0,BEL,53035,1159,1200,1,0,2,1,1,1
423,1990,COL,14932,5089,200000,15,0,CMR,3868,2655,20000,55,0,1,2,-1,-1
424,1990,ARG,20771,4520,900,8,0,BRA,14836,21256,450,3,0,1,0,1,1
425,1990,ROU,32117,1924,200000,43,0,IRL,93181,494,200000,47,0,0,0,0,0
426,1990,IRL,93181,494,200000,47,0,ITA,41829,6047,200000,7,1,0,1,-1,-1
427,1990,ARG,20771,4520,900,8,0,ITA,41829,6047,200000,7,1,1,1,0,0
428,1994,KOR,45275,5127,25000,39,0,ESP,37766,4676,800,6,0,2,2,0,0
429,1994,IRL,93181,494,200000,47,0,ITA,41829,6047,200000,7,0,1,0,1,1
430,1994,ROU,32117,1924,200000,43,0,COL,14932,5089,200000,15,0,3,1,2,1
431,1994,MAR,7370,3692,25000,34,0,BEL,53035,1159,1200,1,0,0,1,-1,-1
432,1994,MEX,18445,12894,15000,11,0,NOR,62645,543,200000,42,0,0,1,-1,-1
433,1994,SWE,55038,1010,200000,18,0,CMR,3868,2655,20000,55,0,2,2,0,0
434,1994,RUS,29813,14594,200000,38,0,BRA,14836,21256,450,3,0,0,2,-2,-1
435,1994,COL,14932,5089,200000,15,0,USA,63594,33101,10000,20,1,1,2,-1,-1
436,1994,NOR,62645,543,200000,42,0,ITA,41829,6047,200000,7,0,0,1,-1,-1
437,1994,BOL,8276,1168,200000,81,0,KOR,45275,5127,25000,39,0,0,0,0,0
438,1994,IRL,93181,494,200000,47,0,MEX,18445,12894,15000,11,0,1,2,-1,-1
439,1994,RUS,29813,14594,200000,38,0,SWE,55038,1010,200000,18,0,1,3,-2,-1
440,1994,CMR,3868,2655,20000,55,0,BRA,14836,21256,450,3,0,0,3,-3,-1
441,1994,NGA,5187,20614,200000,32,0,ARG,20771,4520,900,8,0,1,2,-1,-1
442,1994,ROU,32117,1924,200000,43,0,USA,63594,33101,10000,20,1,1,0,1,1
443,1994,ESP,37766,4676,800,6,0,BOL,8276,1168,200000,81,0,3,1,2,1
444,1994,NOR,62645,543,200000,42,0,IRL,93181,494,200000,47,0,0,0,0,0
445,1994,SWE,55038,1010,200000,18,0,BRA,14836,21256,450,3,0,1,1,0,0
446,1994,MEX,18445,12894,15000,11,0,ITA,41829,6047,200000,7,0,1,1,0,0
447,1994,CMR,3868,2655,20000,55,0,RUS,29813,14594,200000,38,0,1,6,-5,-1
448,1994,ARG,20771,4520,900,8,0,ROU,32117,1924,200000,43,0,2,3,-1,-1
449,1994,USA,63594,33101,10000,20,1,BRA,14836,21256,450,3,0,0,1,-1,-1
450,1994,ITA,41829,6047,200000,7,0,NGA,5187,20614,200000,32,0,2,1,1,1
451,1994,ESP,37766,4676,800,6,0,ITA,41829,6047,200000,7,0,1,2,-1,-1
452,1994,SWE,55038,1010,200000,18,0,ROU,32117,1924,200000,43,0,2,2,0,0
453,1994,BRA,14836,21256,450,3,0,SWE,55038,1010,200000,18,0,1,0,1,1
454,1994,ITA,41829,6047,200000,7,0,BRA,14836,21256,450,3,0,0,0,0,0
455,1998,NOR,62645,543,200000,42,0,MAR,7370,3692,25000,34,0,2,2,0,0
456,1998,AUT,55684,901,200000,23,0,CMR,3868,2655,20000,55,0,1,1,0,0
457,1998,NGA,5187,20614,200000,32,0,ESP,37766,4676,800,6,0,3,2,1,1
458,1998,MEX,18445,12894,15000,11,0,KOR,45275,5127,25000,39,0,3,1,2,1
459,1998,JPN,42391,12648,25000,28,0,ARG,20771,4520,900,8,0,0,1,-1,-1
460,1998,COL,14932,5089,200000,15,0,ROU,32117,1924,200000,43,0,0,1,-1,-1
461,1998,MAR,7370,3692,25000,34,0,BRA,14836,21256,450,3,0,0,3,-3,-1
462,1998,CMR,3868,2655,20000,55,0,ITA,41829,6047,200000,7,0,0,3,-3,-1
463,1998,MEX,18445,12894,15000,11,0,BEL,53035,1159,1200,1,0,2,2,0,0
464,1998,JAM,9242,297,200000,45,0,ARG,20771,4520,900,8,0,0,5,-5,-1
465,1998,IRN,13339,8400,50000,31,0,USA,63594,33101,10000,20,0,2,1,1,1
466,1998,TUN,10823,1182,35000,26,0,COL,14932,5089,200000,15,0,0,1,-1,-1
467,1998,AUT,55684,901,200000,23,0,ITA,41829,6047,200000,7,0,1,2,-1,-1
468,1998,NOR,62645,543,200000,42,0,BRA,14836,21256,450,3,0,2,1,1,1
469,1998,KOR,45275,5127,25000,39,0,BEL,53035,1159,1200,1,0,1,1,0,0
470,1998,JAM,9242,297,200000,45,0,JPN,42391,12648,25000,28,0,2,1,1,1
471,1998,TUN,10823,1182,35000,26,0,ROU,32117,1924,200000,43,0,1,1,0,0
472,1998,NOR,62645,543,200000,42,0,ITA,41829,6047,200000,7,0,0,1,-1,-1
473,1998,FRA,46984,6528,550,2,1,ITA,41829,6047,200000,7,0,0,0,0,0
474,1998,FRA,46984,6528,550,2,1,BRA,14836,21256,450,3,0,3,0,3,1
475,2002,SEN,3503,1675,8000,22,0,FRA,46984,6528,550,2,0,1,0,1,1
476,2002,CMR,3868,2655,20000,55,0,IRL,93181,494,200000,47,0,1,1,0,0
477,2002,NGA,5187,20614,200000,32,0,ARG,20771,4520,900,8,0,0,1,-1,-1
478,2002,SVN,39769,208,200000,63,0,ESP,37766,4676,800,6,0,1,3,-2,-1
479,2002,TUR,27236,8434,200000,29,0,BRA,14836,21256,450,3,0,1,2,-1,-1
480,2002,ECU,10896,1765,15000,53,0,ITA,41829,6047,200000,7,0,0,2,-2,-1
481,2002,BEL,53035,1159,1200,1,0,JPN,42391,12648,25000,28,1,2,2,0,0
482,2002,POL,34241,3785,12500,21,0,KOR,45275,5127,25000,39,1,0,2,-2,-1
483,2002,TUN,10823,1182,35000,26,0,RUS,29813,14594,200000,38,0,0,2,-2,-1
484,2002,NGA,5187,20614,200000,32,0,SWE,55038,1010,200000,18,0,1,2,-1,-1
485,2002,CHN,17211,143933,200000,77,0,BRA,14836,21256,450,3,0,0,4,-4,-1
486,2002,RUS,29813,14594,200000,38,0,JPN,42391,12648,25000,28,1,0,1,-1,-1
487,2002,ECU,10896,1765,15000,53,0,MEX,18445,12894,15000,11,0,1,2,-1,-1
488,2002,USA,63594,33101,10000,20,0,KOR,45275,5127,25000,39,1,1,1,0,0
489,2002,BEL,53035,1159,1200,1,0,TUN,10823,1182,35000,26,0,1,1,0,0
490,2002,ARG,20771,4520,900,8,0,SWE,55038,1010,200000,18,0,1,1,0,0
491,2002,CHN,17211,143933,200000,77,0,TUR,27236,8434,200000,29,0,0,3,-3,-1
492,2002,ITA,41829,6047,200000,7,0,MEX,18445,12894,15000,11,0,1,1,0,0
493,2002,JPN,42391,12648,25000,28,1,TUN,10823,1182,35000,26,0,2,0,2,1
494,2002,USA,63594,33101,10000,20,0,POL,34241,3785,12500,21,0,1,3,-2,-1
495,2002,RUS,29813,14594,200000,38,0,BEL,53035,1159,1200,1,0,2,3,-1,-1
496,2002,IRL,93181,494,200000,47,0,ESP,37766,4676,800,6,0,1,1,0,0
497,2002,SEN,3503,1675,8000,22,0,SWE,55038,1010,200000,18,0,2,1,1,1
498,2002,BEL,53035,1159,1200,1,0,BRA,14836,21256,450,3,0,0,2,-2,-1
499,2002,USA,63594,33101,10000,20,0,MEX,18445,12894,15000,11,0,2,0,2,1
500,2002,TUR,27236,8434,200000,29,0,JPN,42391,12648,25000,28,1,1,0,1,1
501,2002,ITA,41829,6047,200000,7,0,KOR,45275,5127,25000,39,1,1,2,-1,-1
502,2002,TUR,27236,8434,200000,29,0,SEN,3503,1675,8000,22,0,1,0,1,1
503,2002,KOR,45275,5127,25000,39,1,ESP,37766,4676,800,6,0,0,0,0,0
504,2002,TUR,27236,8434,200000,29,0,BRA,14836,21256,450,3,0,0,1,-1,-1
505,2002,TUR,27236,8434,200000,29,0,KOR,45275,5127,25000,39,1,3,2,1,1
506,2006,ECU,10896,1765,15000,53,0,POL,34241,3785,12500,21,0,2,0,2,1
507,2006,CIV,5466,2638,200000,59,0,ARG,20771,4520,900,8,0,1,2,-1,-1
508,2006,IRN,13339,8400,50000,31,0,MEX,18445,12894,15000,11,0,1,3,-2,-1
509,2006,JPN,42391,12648,25000,28,0,AUS,53330,2550,50000,41,0,1,3,-2,-1
510,2006,CZE,41604,1071,200000,40,0,USA,63594,33101,10000,20,0,3,0,3,1
511,2006,GHA,5745,3108,25000,49,0,ITA,41829,6047,200000,7,0,0,2,-2,-1
512,2006,UKR,13055,4374,25000,24,0,ESP,37766,4676,800,6,0,0,4,-4,-1
513,2006,GHA,5745,3108,25000,49,0,CZE,41604,1071,200000,40,0,2,0,2,1
514,2006,USA,63594,33101,10000,20,0,ITA,41829,6047,200000,7,0,1,1,0,0
515,2006,AUS,53330,2550,50000,41,0,BRA,14836,21256,450,3,0,0,2,-2,-1
516,2006,KOR,45275,5127,25000,39,0,FRA,46984,6528,550,2,0,1,1,0,0
517,2006,TUN,10823,1182,35000,26,0,ESP,37766,4676,800,6,0,1,3,-2,-1
518,2006,ITA,41829,6047,200000,7,0,CZE,41604,1071,200000,40,0,2,0,2,1
519,2006,USA,63594,33101,10000,20,0,GHA,5745,3108,25000,49,0,1,2,-1,-1
520,2006,BRA,14836,21256,450,3,0,JPN,42391,12648,25000,28,0,4,1,3,1
521,2006,TUN,10823,1182,35000,26,0,UKR,13055,4374,25000,24,0,0,1,-1,-1
522,2006,MEX,18445,12894,15000,11,0,ARG,20771,4520,900,8,0,1,2,-1,-1
523,2006,AUS,53330,2550,50000,41,0,ITA,41829,6047,200000,7,0,0,1,-1,-1
524,2006,GHA,5745,3108,25000,49,0,BRA,14836,21256,450,3,0,0,3,-3,-1
525,2006,FRA,46984,6528,550,2,0,ESP,37766,4676,800,6,0,3,1,2,1
526,2006,UKR,13055,4374,25000,24,0,ITA,41829,6047,200000,7,0,0,3,-3,-1
527,2006,FRA,46984,6528,550,2,0,BRA,14836,21256,450,3,0,1,0,1,1
528,2006,FRA,46984,6528,550,2,0,ITA,41829,6047,200000,7,0,1,1,0,0
529,2010,NGA,5187,20614,200000,32,0,ARG,20771,4520,900,8,0,0,1,-1,-1
530,2010,GHA,5745,3108,25000,49,0,SRB,19108,874,15000,25,0,1,0,1,1
531,2010,CMR,3868,2655,20000,55,0,JPN,42391,12648,25000,28,0,0,1,-1,-1
532,2010,SVK,31357,546,200000,36,0,NZL,44492,483,200000,122,0,1,1,0,0
533,2010,KOR,45275,5127,25000,39,0,ARG,20771,4520,900,8,0,1,4,-3,-1
534,2010,MEX,18445,12894,15000,11,0,FRA,46984,6528,550,2,0,2,0,2,1
535,2010,USA,63594,33101,10000,20,0,SVN,39769,208,200000,63,0,2,2,0,0
536,2010,AUS,53330,2550,50000,41,0,GHA,5745,3108,25000,49,0,1,1,0,0
537,2010,NZL,44492,483,200000,122,0,ITA,41829,6047,200000,7,0,1,1,0,0
538,2010,CIV,5466,2638,200000,59,0,BRA,14836,21256,450,3,0,1,3,-2,-1
539,2010,KOR,45275,5127,25000,39,0,NGA,5187,20614,200000,32,0,2,2,0,0
540,2010,SRB,19108,874,15000,25,0,AUS,53330,2550,50000,41,0,1,2,-1,-1
541,2010,ITA,41829,6047,200000,7,0,SVK,31357,546,200000,36,0,2,3,-1,-1
542,2010,GHA,5745,3108,25000,49,0,USA,63594,33101,10000,20,0,2,1,1,1
543,2010,MEX,18445,12894,15000,11,0,ARG,20771,4520,900,8,0,1,3,-2,-1
544,2014,CMR,3868,2655,20000,55,0,MEX,18445,12894,15000,11,0,0,1,-1,-1
545,2014,JPN,42391,12648,25000,28,0,CIV,5466,2638,200000,59,0,1,2,-1,-1
546,2014,BIH,15624,329,200000,55,0,ARG,20771,4520,900,8,0,1,2,-1,-1
547,2014,NGA,5187,20614,200000,32,0,IRN,13339,8400,50000,31,0,0,0,0,0
548,2014,USA,63594,33101,10000,20,0,GHA,5745,3108,25000,49,0,2,1,1,1
549,2014,MEX,18445,12894,15000,11,0,BRA,14836,21256,450,3,1,0,0,0,0
550,2014,KOR,45275,5127,25000,39,0,RUS,29813,14594,200000,38,0,1,1,0,0
551,2014,CIV,5466,2638,200000,59,0,COL,14932,5089,200000,15,0,1,2,-1,-1
552,2014,IRN,13339,8400,50000,31,0,ARG,20771,4520,900,8,0,0,1,-1,-1
553,2014,BIH,15624,329,200000,55,0,NGA,5187,20614,200000,32,0,0,1,-1,-1
554,2014,RUS,29813,14594,200000,38,0,BEL,53035,1159,1200,1,0,0,1,-1,-1
555,2014,ESP,37766,4676,800,6,0,AUS,53330,2550,50000,41,0,3,0,3,1
556,2014,BRA,14836,21256,450,3,1,CMR,3868,2655,20000,55,0,4,1,3,1
557,2014,COL,14932,5089,200000,15,0,JPN,42391,12648,25000,28,0,4,1,3,1
558,2014,ARG,20771,4520,900,8,0,NGA,5187,20614,200000,32,0,3,2,1,1
559,2014,IRN,13339,8400,50000,31,0,BIH,15624,329,200000,55,0,1,3,-2,-1
560,2014,FRA,46984,6528,550,2,0,ECU,10896,1765,15000,53,0,0,0,0,0
561,2014,BEL,53035,1159,1200,1,0,KOR,45275,5127,25000,39,0,1,0,1,1
562,2014,NGA,5187,20614,200000,32,0,FRA,46984,6528,550,2,0,0,2,-2,-1
563,2014,COL,14932,5089,200000,15,0,BRA,14836,21256,450,3,1,1,2,-1,-1
564,2014,BEL,53035,1159,1200,1,0,ARG,20771,4520,900,8,0,0,1,-1,-1
565,2014,USA,63594,33101,10000,20,0,BEL,53035,1159,1200,1,0,1,2,-1,-1
566,2014,NGA,5187,20614,200000,32,0,FRA,46984,6528,550,2,0,0,2,-2,-1
567,2014,USA,63594,33101,10000,20,0,BEL,53035,1159,1200,1,0,1,2,-1,-1
568,2014,COL,14932,5089,200000,15,0,BRA,14836,21256,450,3,1,1,2,-1,-1
569,2014,BEL,53035,1159,1200,1,0,ARG,20771,4520,900,8,0,0,1,-1,-1
